"MSN","YYYYMM","Value","Column_Order","Description","Unit"
"PCMIRUS","194913","9388","1","Light-Duty Vehicles, Short Wheelbase Mileage","Miles per Vehicle"
"PCMIRUS","195013","9060","1","Light-Duty Vehicles, Short Wheelbase Mileage","Miles per Vehicle"
"PCMIRUS","195113","9186","1","Light-Duty Vehicles, Short Wheelbase Mileage","Miles per Vehicle"
"PCMIRUS","195213","9360","1","Light-Duty Vehicles, Short Wheelbase Mileage","Miles per Vehicle"
"PCMIRUS","195313","9377","1","Light-Duty Vehicles, Short Wheelbase Mileage","Miles per Vehicle"
"PCMIRUS","195413","9349","1","Light-Duty Vehicles, Short Wheelbase Mileage","Miles per Vehicle"
"PCMIRUS","195513","9447","1","Light-Duty Vehicles, Short Wheelbase Mileage","Miles per Vehicle"
"PCMIRUS","195613","9496","1","Light-Duty Vehicles, Short Wheelbase Mileage","Miles per Vehicle"
"PCMIRUS","195713","9348","1","Light-Duty Vehicles, Short Wheelbase Mileage","Miles per Vehicle"
"PCMIRUS","195813","9500","1","Light-Duty Vehicles, Short Wheelbase Mileage","Miles per Vehicle"
"PCMIRUS","195913","9615","1","Light-Duty Vehicles, Short Wheelbase Mileage","Miles per Vehicle"
"PCMIRUS","196013","9518","1","Light-Duty Vehicles, Short Wheelbase Mileage","Miles per Vehicle"
"PCMIRUS","196113","9521","1","Light-Duty Vehicles, Short Wheelbase Mileage","Miles per Vehicle"
"PCMIRUS","196213","9494","1","Light-Duty Vehicles, Short Wheelbase Mileage","Miles per Vehicle"
"PCMIRUS","196313","9587","1","Light-Duty Vehicles, Short Wheelbase Mileage","Miles per Vehicle"
"PCMIRUS","196413","9665","1","Light-Duty Vehicles, Short Wheelbase Mileage","Miles per Vehicle"
"PCMIRUS","196513","9603","1","Light-Duty Vehicles, Short Wheelbase Mileage","Miles per Vehicle"
"PCMIRUS","196613","9733","1","Light-Duty Vehicles, Short Wheelbase Mileage","Miles per Vehicle"
"PCMIRUS","196713","9849","1","Light-Duty Vehicles, Short Wheelbase Mileage","Miles per Vehicle"
"PCMIRUS","196813","9922","1","Light-Duty Vehicles, Short Wheelbase Mileage","Miles per Vehicle"
"PCMIRUS","196913","9921","1","Light-Duty Vehicles, Short Wheelbase Mileage","Miles per Vehicle"
"PCMIRUS","197013","9989","1","Light-Duty Vehicles, Short Wheelbase Mileage","Miles per Vehicle"
"PCMIRUS","197113","10097","1","Light-Duty Vehicles, Short Wheelbase Mileage","Miles per Vehicle"
"PCMIRUS","197213","10171","1","Light-Duty Vehicles, Short Wheelbase Mileage","Miles per Vehicle"
"PCMIRUS","197313","9884","1","Light-Duty Vehicles, Short Wheelbase Mileage","Miles per Vehicle"
"PCMIRUS","197413","9221","1","Light-Duty Vehicles, Short Wheelbase Mileage","Miles per Vehicle"
"PCMIRUS","197513","9309","1","Light-Duty Vehicles, Short Wheelbase Mileage","Miles per Vehicle"
"PCMIRUS","197613","9418","1","Light-Duty Vehicles, Short Wheelbase Mileage","Miles per Vehicle"
"PCMIRUS","197713","9517","1","Light-Duty Vehicles, Short Wheelbase Mileage","Miles per Vehicle"
"PCMIRUS","197813","9500","1","Light-Duty Vehicles, Short Wheelbase Mileage","Miles per Vehicle"
"PCMIRUS","197913","9062","1","Light-Duty Vehicles, Short Wheelbase Mileage","Miles per Vehicle"
"PCMIRUS","198013","8813","1","Light-Duty Vehicles, Short Wheelbase Mileage","Miles per Vehicle"
"PCMIRUS","198113","8873","1","Light-Duty Vehicles, Short Wheelbase Mileage","Miles per Vehicle"
"PCMIRUS","198213","9050","1","Light-Duty Vehicles, Short Wheelbase Mileage","Miles per Vehicle"
"PCMIRUS","198313","9118","1","Light-Duty Vehicles, Short Wheelbase Mileage","Miles per Vehicle"
"PCMIRUS","198413","9248","1","Light-Duty Vehicles, Short Wheelbase Mileage","Miles per Vehicle"
"PCMIRUS","198513","9419","1","Light-Duty Vehicles, Short Wheelbase Mileage","Miles per Vehicle"
"PCMIRUS","198613","9464","1","Light-Duty Vehicles, Short Wheelbase Mileage","Miles per Vehicle"
"PCMIRUS","198713","9720","1","Light-Duty Vehicles, Short Wheelbase Mileage","Miles per Vehicle"
"PCMIRUS","198813","9972","1","Light-Duty Vehicles, Short Wheelbase Mileage","Miles per Vehicle"
"PCMIRUS","198913","10157","1","Light-Duty Vehicles, Short Wheelbase Mileage","Miles per Vehicle"
"PCMIRUS","199013","10504","1","Light-Duty Vehicles, Short Wheelbase Mileage","Miles per Vehicle"
"PCMIRUS","199113","10571","1","Light-Duty Vehicles, Short Wheelbase Mileage","Miles per Vehicle"
"PCMIRUS","199213","10857","1","Light-Duty Vehicles, Short Wheelbase Mileage","Miles per Vehicle"
"PCMIRUS","199313","10804","1","Light-Duty Vehicles, Short Wheelbase Mileage","Miles per Vehicle"
"PCMIRUS","199413","10992","1","Light-Duty Vehicles, Short Wheelbase Mileage","Miles per Vehicle"
"PCMIRUS","199513","11203","1","Light-Duty Vehicles, Short Wheelbase Mileage","Miles per Vehicle"
"PCMIRUS","199613","11330","1","Light-Duty Vehicles, Short Wheelbase Mileage","Miles per Vehicle"
"PCMIRUS","199713","11581","1","Light-Duty Vehicles, Short Wheelbase Mileage","Miles per Vehicle"
"PCMIRUS","199813","11754","1","Light-Duty Vehicles, Short Wheelbase Mileage","Miles per Vehicle"
"PCMIRUS","199913","11848","1","Light-Duty Vehicles, Short Wheelbase Mileage","Miles per Vehicle"
"PCMIRUS","200013","11976","1","Light-Duty Vehicles, Short Wheelbase Mileage","Miles per Vehicle"
"PCMIRUS","200113","11831","1","Light-Duty Vehicles, Short Wheelbase Mileage","Miles per Vehicle"
"PCMIRUS","200213","12202","1","Light-Duty Vehicles, Short Wheelbase Mileage","Miles per Vehicle"
"PCMIRUS","200313","12325","1","Light-Duty Vehicles, Short Wheelbase Mileage","Miles per Vehicle"
"PCMIRUS","200413","12460","1","Light-Duty Vehicles, Short Wheelbase Mileage","Miles per Vehicle"
"PCMIRUS","200513","12510","1","Light-Duty Vehicles, Short Wheelbase Mileage","Miles per Vehicle"
"PCMIRUS","200613","12485","1","Light-Duty Vehicles, Short Wheelbase Mileage","Miles per Vehicle"
"PCMIRUS","200713","10710","1","Light-Duty Vehicles, Short Wheelbase Mileage","Miles per Vehicle"
"PCMIRUS","200813","10290","1","Light-Duty Vehicles, Short Wheelbase Mileage","Miles per Vehicle"
"PCMIRUS","200913","10391","1","Light-Duty Vehicles, Short Wheelbase Mileage","Miles per Vehicle"
"PCMIRUS","201013","10650","1","Light-Duty Vehicles, Short Wheelbase Mileage","Miles per Vehicle"
"PCMIRUS","201113","11150","1","Light-Duty Vehicles, Short Wheelbase Mileage","Miles per Vehicle"
"PCMIRUS","201213","11262","1","Light-Duty Vehicles, Short Wheelbase Mileage","Miles per Vehicle"
"PCMIRUS","201313","11244","1","Light-Duty Vehicles, Short Wheelbase Mileage","Miles per Vehicle"
"PCMIRUS","201413","11048","1","Light-Duty Vehicles, Short Wheelbase Mileage","Miles per Vehicle"
"PCMIRUS","201513","11327","1","Light-Duty Vehicles, Short Wheelbase Mileage","Miles per Vehicle"
"PCMIRUS","201613","11370","1","Light-Duty Vehicles, Short Wheelbase Mileage","Miles per Vehicle"
"PCMIRUS","201713","11467","1","Light-Duty Vehicles, Short Wheelbase Mileage","Miles per Vehicle"
"PCMIRUS","201813","11576","1","Light-Duty Vehicles, Short Wheelbase Mileage","Miles per Vehicle"
"PCMIRUS","201913","11599","1","Light-Duty Vehicles, Short Wheelbase Mileage","Miles per Vehicle"
"PCMIRUS","202013","9780","1","Light-Duty Vehicles, Short Wheelbase Mileage","Miles per Vehicle"
"PCFCRUS","194913","627","2","Light-Duty Vehicles, Short Wheelbase Fuel Consumption","Gallons per Vehicle"
"PCFCRUS","195013","603","2","Light-Duty Vehicles, Short Wheelbase Fuel Consumption","Gallons per Vehicle"
"PCFCRUS","195113","614","2","Light-Duty Vehicles, Short Wheelbase Fuel Consumption","Gallons per Vehicle"
"PCFCRUS","195213","639","2","Light-Duty Vehicles, Short Wheelbase Fuel Consumption","Gallons per Vehicle"
"PCFCRUS","195313","640","2","Light-Duty Vehicles, Short Wheelbase Fuel Consumption","Gallons per Vehicle"
"PCFCRUS","195413","641","2","Light-Duty Vehicles, Short Wheelbase Fuel Consumption","Gallons per Vehicle"
"PCFCRUS","195513","645","2","Light-Duty Vehicles, Short Wheelbase Fuel Consumption","Gallons per Vehicle"
"PCFCRUS","195613","654","2","Light-Duty Vehicles, Short Wheelbase Fuel Consumption","Gallons per Vehicle"
"PCFCRUS","195713","658","2","Light-Duty Vehicles, Short Wheelbase Fuel Consumption","Gallons per Vehicle"
"PCFCRUS","195813","670","2","Light-Duty Vehicles, Short Wheelbase Fuel Consumption","Gallons per Vehicle"
"PCFCRUS","195913","674","2","Light-Duty Vehicles, Short Wheelbase Fuel Consumption","Gallons per Vehicle"
"PCFCRUS","196013","668","2","Light-Duty Vehicles, Short Wheelbase Fuel Consumption","Gallons per Vehicle"
"PCFCRUS","196113","663","2","Light-Duty Vehicles, Short Wheelbase Fuel Consumption","Gallons per Vehicle"
"PCFCRUS","196213","662","2","Light-Duty Vehicles, Short Wheelbase Fuel Consumption","Gallons per Vehicle"
"PCFCRUS","196313","655","2","Light-Duty Vehicles, Short Wheelbase Fuel Consumption","Gallons per Vehicle"
"PCFCRUS","196413","661","2","Light-Duty Vehicles, Short Wheelbase Fuel Consumption","Gallons per Vehicle"
"PCFCRUS","196513","661","2","Light-Duty Vehicles, Short Wheelbase Fuel Consumption","Gallons per Vehicle"
"PCFCRUS","196613","688","2","Light-Duty Vehicles, Short Wheelbase Fuel Consumption","Gallons per Vehicle"
"PCFCRUS","196713","699","2","Light-Duty Vehicles, Short Wheelbase Fuel Consumption","Gallons per Vehicle"
"PCFCRUS","196813","714","2","Light-Duty Vehicles, Short Wheelbase Fuel Consumption","Gallons per Vehicle"
"PCFCRUS","196913","727","2","Light-Duty Vehicles, Short Wheelbase Fuel Consumption","Gallons per Vehicle"
"PCFCRUS","197013","737","2","Light-Duty Vehicles, Short Wheelbase Fuel Consumption","Gallons per Vehicle"
"PCFCRUS","197113","743","2","Light-Duty Vehicles, Short Wheelbase Fuel Consumption","Gallons per Vehicle"
"PCFCRUS","197213","754","2","Light-Duty Vehicles, Short Wheelbase Fuel Consumption","Gallons per Vehicle"
"PCFCRUS","197313","737","2","Light-Duty Vehicles, Short Wheelbase Fuel Consumption","Gallons per Vehicle"
"PCFCRUS","197413","677","2","Light-Duty Vehicles, Short Wheelbase Fuel Consumption","Gallons per Vehicle"
"PCFCRUS","197513","665","2","Light-Duty Vehicles, Short Wheelbase Fuel Consumption","Gallons per Vehicle"
"PCFCRUS","197613","681","2","Light-Duty Vehicles, Short Wheelbase Fuel Consumption","Gallons per Vehicle"
"PCFCRUS","197713","676","2","Light-Duty Vehicles, Short Wheelbase Fuel Consumption","Gallons per Vehicle"
"PCFCRUS","197813","665","2","Light-Duty Vehicles, Short Wheelbase Fuel Consumption","Gallons per Vehicle"
"PCFCRUS","197913","620","2","Light-Duty Vehicles, Short Wheelbase Fuel Consumption","Gallons per Vehicle"
"PCFCRUS","198013","551","2","Light-Duty Vehicles, Short Wheelbase Fuel Consumption","Gallons per Vehicle"
"PCFCRUS","198113","538","2","Light-Duty Vehicles, Short Wheelbase Fuel Consumption","Gallons per Vehicle"
"PCFCRUS","198213","535","2","Light-Duty Vehicles, Short Wheelbase Fuel Consumption","Gallons per Vehicle"
"PCFCRUS","198313","534","2","Light-Duty Vehicles, Short Wheelbase Fuel Consumption","Gallons per Vehicle"
"PCFCRUS","198413","530","2","Light-Duty Vehicles, Short Wheelbase Fuel Consumption","Gallons per Vehicle"
"PCFCRUS","198513","538","2","Light-Duty Vehicles, Short Wheelbase Fuel Consumption","Gallons per Vehicle"
"PCFCRUS","198613","543","2","Light-Duty Vehicles, Short Wheelbase Fuel Consumption","Gallons per Vehicle"
"PCFCRUS","198713","539","2","Light-Duty Vehicles, Short Wheelbase Fuel Consumption","Gallons per Vehicle"
"PCFCRUS","198813","531","2","Light-Duty Vehicles, Short Wheelbase Fuel Consumption","Gallons per Vehicle"
"PCFCRUS","198913","533","2","Light-Duty Vehicles, Short Wheelbase Fuel Consumption","Gallons per Vehicle"
"PCFCRUS","199013","520","2","Light-Duty Vehicles, Short Wheelbase Fuel Consumption","Gallons per Vehicle"
"PCFCRUS","199113","501","2","Light-Duty Vehicles, Short Wheelbase Fuel Consumption","Gallons per Vehicle"
"PCFCRUS","199213","517","2","Light-Duty Vehicles, Short Wheelbase Fuel Consumption","Gallons per Vehicle"
"PCFCRUS","199313","527","2","Light-Duty Vehicles, Short Wheelbase Fuel Consumption","Gallons per Vehicle"
"PCFCRUS","199413","531","2","Light-Duty Vehicles, Short Wheelbase Fuel Consumption","Gallons per Vehicle"
"PCFCRUS","199513","530","2","Light-Duty Vehicles, Short Wheelbase Fuel Consumption","Gallons per Vehicle"
"PCFCRUS","199613","534","2","Light-Duty Vehicles, Short Wheelbase Fuel Consumption","Gallons per Vehicle"
"PCFCRUS","199713","539","2","Light-Duty Vehicles, Short Wheelbase Fuel Consumption","Gallons per Vehicle"
"PCFCRUS","199813","544","2","Light-Duty Vehicles, Short Wheelbase Fuel Consumption","Gallons per Vehicle"
"PCFCRUS","199913","553","2","Light-Duty Vehicles, Short Wheelbase Fuel Consumption","Gallons per Vehicle"
"PCFCRUS","200013","547","2","Light-Duty Vehicles, Short Wheelbase Fuel Consumption","Gallons per Vehicle"
"PCFCRUS","200113","534","2","Light-Duty Vehicles, Short Wheelbase Fuel Consumption","Gallons per Vehicle"
"PCFCRUS","200213","555","2","Light-Duty Vehicles, Short Wheelbase Fuel Consumption","Gallons per Vehicle"
"PCFCRUS","200313","556","2","Light-Duty Vehicles, Short Wheelbase Fuel Consumption","Gallons per Vehicle"
"PCFCRUS","200413","553","2","Light-Duty Vehicles, Short Wheelbase Fuel Consumption","Gallons per Vehicle"
"PCFCRUS","200513","567","2","Light-Duty Vehicles, Short Wheelbase Fuel Consumption","Gallons per Vehicle"
"PCFCRUS","200613","554","2","Light-Duty Vehicles, Short Wheelbase Fuel Consumption","Gallons per Vehicle"
"PCFCRUS","200713","468","2","Light-Duty Vehicles, Short Wheelbase Fuel Consumption","Gallons per Vehicle"
"PCFCRUS","200813","435","2","Light-Duty Vehicles, Short Wheelbase Fuel Consumption","Gallons per Vehicle"
"PCFCRUS","200913","442","2","Light-Duty Vehicles, Short Wheelbase Fuel Consumption","Gallons per Vehicle"
"PCFCRUS","201013","456","2","Light-Duty Vehicles, Short Wheelbase Fuel Consumption","Gallons per Vehicle"
"PCFCRUS","201113","481","2","Light-Duty Vehicles, Short Wheelbase Fuel Consumption","Gallons per Vehicle"
"PCFCRUS","201213","484","2","Light-Duty Vehicles, Short Wheelbase Fuel Consumption","Gallons per Vehicle"
"PCFCRUS","201313","480","2","Light-Duty Vehicles, Short Wheelbase Fuel Consumption","Gallons per Vehicle"
"PCFCRUS","201413","476","2","Light-Duty Vehicles, Short Wheelbase Fuel Consumption","Gallons per Vehicle"
"PCFCRUS","201513","475","2","Light-Duty Vehicles, Short Wheelbase Fuel Consumption","Gallons per Vehicle"
"PCFCRUS","201613","475","2","Light-Duty Vehicles, Short Wheelbase Fuel Consumption","Gallons per Vehicle"
"PCFCRUS","201713","474","2","Light-Duty Vehicles, Short Wheelbase Fuel Consumption","Gallons per Vehicle"
"PCFCRUS","201813","475","2","Light-Duty Vehicles, Short Wheelbase Fuel Consumption","Gallons per Vehicle"
"PCFCRUS","201913","481","2","Light-Duty Vehicles, Short Wheelbase Fuel Consumption","Gallons per Vehicle"
"PCFCRUS","202013","386","2","Light-Duty Vehicles, Short Wheelbase Fuel Consumption","Gallons per Vehicle"
"PCFRRUS","194913","15","3","Light-Duty Vehicles, Short Wheelbase Fuel Economy","Miles per Gallon"
"PCFRRUS","195013","15","3","Light-Duty Vehicles, Short Wheelbase Fuel Economy","Miles per Gallon"
"PCFRRUS","195113","15","3","Light-Duty Vehicles, Short Wheelbase Fuel Economy","Miles per Gallon"
"PCFRRUS","195213","14.7","3","Light-Duty Vehicles, Short Wheelbase Fuel Economy","Miles per Gallon"
"PCFRRUS","195313","14.6","3","Light-Duty Vehicles, Short Wheelbase Fuel Economy","Miles per Gallon"
"PCFRRUS","195413","14.6","3","Light-Duty Vehicles, Short Wheelbase Fuel Economy","Miles per Gallon"
"PCFRRUS","195513","14.6","3","Light-Duty Vehicles, Short Wheelbase Fuel Economy","Miles per Gallon"
"PCFRRUS","195613","14.5","3","Light-Duty Vehicles, Short Wheelbase Fuel Economy","Miles per Gallon"
"PCFRRUS","195713","14.2","3","Light-Duty Vehicles, Short Wheelbase Fuel Economy","Miles per Gallon"
"PCFRRUS","195813","14.2","3","Light-Duty Vehicles, Short Wheelbase Fuel Economy","Miles per Gallon"
"PCFRRUS","195913","14.3","3","Light-Duty Vehicles, Short Wheelbase Fuel Economy","Miles per Gallon"
"PCFRRUS","196013","14.3","3","Light-Duty Vehicles, Short Wheelbase Fuel Economy","Miles per Gallon"
"PCFRRUS","196113","14.4","3","Light-Duty Vehicles, Short Wheelbase Fuel Economy","Miles per Gallon"
"PCFRRUS","196213","14.3","3","Light-Duty Vehicles, Short Wheelbase Fuel Economy","Miles per Gallon"
"PCFRRUS","196313","14.6","3","Light-Duty Vehicles, Short Wheelbase Fuel Economy","Miles per Gallon"
"PCFRRUS","196413","14.6","3","Light-Duty Vehicles, Short Wheelbase Fuel Economy","Miles per Gallon"
"PCFRRUS","196513","14.5","3","Light-Duty Vehicles, Short Wheelbase Fuel Economy","Miles per Gallon"
"PCFRRUS","196613","14.1","3","Light-Duty Vehicles, Short Wheelbase Fuel Economy","Miles per Gallon"
"PCFRRUS","196713","14.1","3","Light-Duty Vehicles, Short Wheelbase Fuel Economy","Miles per Gallon"
"PCFRRUS","196813","13.9","3","Light-Duty Vehicles, Short Wheelbase Fuel Economy","Miles per Gallon"
"PCFRRUS","196913","13.6","3","Light-Duty Vehicles, Short Wheelbase Fuel Economy","Miles per Gallon"
"PCFRRUS","197013","13.5","3","Light-Duty Vehicles, Short Wheelbase Fuel Economy","Miles per Gallon"
"PCFRRUS","197113","13.6","3","Light-Duty Vehicles, Short Wheelbase Fuel Economy","Miles per Gallon"
"PCFRRUS","197213","13.5","3","Light-Duty Vehicles, Short Wheelbase Fuel Economy","Miles per Gallon"
"PCFRRUS","197313","13.4","3","Light-Duty Vehicles, Short Wheelbase Fuel Economy","Miles per Gallon"
"PCFRRUS","197413","13.6","3","Light-Duty Vehicles, Short Wheelbase Fuel Economy","Miles per Gallon"
"PCFRRUS","197513","14","3","Light-Duty Vehicles, Short Wheelbase Fuel Economy","Miles per Gallon"
"PCFRRUS","197613","13.8","3","Light-Duty Vehicles, Short Wheelbase Fuel Economy","Miles per Gallon"
"PCFRRUS","197713","14.1","3","Light-Duty Vehicles, Short Wheelbase Fuel Economy","Miles per Gallon"
"PCFRRUS","197813","14.3","3","Light-Duty Vehicles, Short Wheelbase Fuel Economy","Miles per Gallon"
"PCFRRUS","197913","14.6","3","Light-Duty Vehicles, Short Wheelbase Fuel Economy","Miles per Gallon"
"PCFRRUS","198013","16","3","Light-Duty Vehicles, Short Wheelbase Fuel Economy","Miles per Gallon"
"PCFRRUS","198113","16.5","3","Light-Duty Vehicles, Short Wheelbase Fuel Economy","Miles per Gallon"
"PCFRRUS","198213","16.9","3","Light-Duty Vehicles, Short Wheelbase Fuel Economy","Miles per Gallon"
"PCFRRUS","198313","17.1","3","Light-Duty Vehicles, Short Wheelbase Fuel Economy","Miles per Gallon"
"PCFRRUS","198413","17.4","3","Light-Duty Vehicles, Short Wheelbase Fuel Economy","Miles per Gallon"
"PCFRRUS","198513","17.5","3","Light-Duty Vehicles, Short Wheelbase Fuel Economy","Miles per Gallon"
"PCFRRUS","198613","17.4","3","Light-Duty Vehicles, Short Wheelbase Fuel Economy","Miles per Gallon"
"PCFRRUS","198713","18","3","Light-Duty Vehicles, Short Wheelbase Fuel Economy","Miles per Gallon"
"PCFRRUS","198813","18.8","3","Light-Duty Vehicles, Short Wheelbase Fuel Economy","Miles per Gallon"
"PCFRRUS","198913","19","3","Light-Duty Vehicles, Short Wheelbase Fuel Economy","Miles per Gallon"
"PCFRRUS","199013","20.2","3","Light-Duty Vehicles, Short Wheelbase Fuel Economy","Miles per Gallon"
"PCFRRUS","199113","21.1","3","Light-Duty Vehicles, Short Wheelbase Fuel Economy","Miles per Gallon"
"PCFRRUS","199213","21","3","Light-Duty Vehicles, Short Wheelbase Fuel Economy","Miles per Gallon"
"PCFRRUS","199313","20.5","3","Light-Duty Vehicles, Short Wheelbase Fuel Economy","Miles per Gallon"
"PCFRRUS","199413","20.7","3","Light-Duty Vehicles, Short Wheelbase Fuel Economy","Miles per Gallon"
"PCFRRUS","199513","21.1","3","Light-Duty Vehicles, Short Wheelbase Fuel Economy","Miles per Gallon"
"PCFRRUS","199613","21.2","3","Light-Duty Vehicles, Short Wheelbase Fuel Economy","Miles per Gallon"
"PCFRRUS","199713","21.5","3","Light-Duty Vehicles, Short Wheelbase Fuel Economy","Miles per Gallon"
"PCFRRUS","199813","21.6","3","Light-Duty Vehicles, Short Wheelbase Fuel Economy","Miles per Gallon"
"PCFRRUS","199913","21.4","3","Light-Duty Vehicles, Short Wheelbase Fuel Economy","Miles per Gallon"
"PCFRRUS","200013","21.9","3","Light-Duty Vehicles, Short Wheelbase Fuel Economy","Miles per Gallon"
"PCFRRUS","200113","22.1","3","Light-Duty Vehicles, Short Wheelbase Fuel Economy","Miles per Gallon"
"PCFRRUS","200213","22","3","Light-Duty Vehicles, Short Wheelbase Fuel Economy","Miles per Gallon"
"PCFRRUS","200313","22.2","3","Light-Duty Vehicles, Short Wheelbase Fuel Economy","Miles per Gallon"
"PCFRRUS","200413","22.5","3","Light-Duty Vehicles, Short Wheelbase Fuel Economy","Miles per Gallon"
"PCFRRUS","200513","22.1","3","Light-Duty Vehicles, Short Wheelbase Fuel Economy","Miles per Gallon"
"PCFRRUS","200613","22.5","3","Light-Duty Vehicles, Short Wheelbase Fuel Economy","Miles per Gallon"
"PCFRRUS","200713","22.9","3","Light-Duty Vehicles, Short Wheelbase Fuel Economy","Miles per Gallon"
"PCFRRUS","200813","23.7","3","Light-Duty Vehicles, Short Wheelbase Fuel Economy","Miles per Gallon"
"PCFRRUS","200913","23.5","3","Light-Duty Vehicles, Short Wheelbase Fuel Economy","Miles per Gallon"
"PCFRRUS","201013","23.3","3","Light-Duty Vehicles, Short Wheelbase Fuel Economy","Miles per Gallon"
"PCFRRUS","201113","23.2","3","Light-Duty Vehicles, Short Wheelbase Fuel Economy","Miles per Gallon"
"PCFRRUS","201213","23.3","3","Light-Duty Vehicles, Short Wheelbase Fuel Economy","Miles per Gallon"
"PCFRRUS","201313","23.4","3","Light-Duty Vehicles, Short Wheelbase Fuel Economy","Miles per Gallon"
"PCFRRUS","201413","23.2","3","Light-Duty Vehicles, Short Wheelbase Fuel Economy","Miles per Gallon"
"PCFRRUS","201513","23.9","3","Light-Duty Vehicles, Short Wheelbase Fuel Economy","Miles per Gallon"
"PCFRRUS","201613","24","3","Light-Duty Vehicles, Short Wheelbase Fuel Economy","Miles per Gallon"
"PCFRRUS","201713","24.2","3","Light-Duty Vehicles, Short Wheelbase Fuel Economy","Miles per Gallon"
"PCFRRUS","201813","24.4","3","Light-Duty Vehicles, Short Wheelbase Fuel Economy","Miles per Gallon"
"PCFRRUS","201913","24.1","3","Light-Duty Vehicles, Short Wheelbase Fuel Economy","Miles per Gallon"
"PCFRRUS","202013","25.3","3","Light-Duty Vehicles, Short Wheelbase Fuel Economy","Miles per Gallon"
"LTMIRUS","194913","Not Available","4","Light-Duty Vehicles, Long Wheelbase Mileage","Miles per Vehicle"
"LTMIRUS","195013","Not Available","4","Light-Duty Vehicles, Long Wheelbase Mileage","Miles per Vehicle"
"LTMIRUS","195113","Not Available","4","Light-Duty Vehicles, Long Wheelbase Mileage","Miles per Vehicle"
"LTMIRUS","195213","Not Available","4","Light-Duty Vehicles, Long Wheelbase Mileage","Miles per Vehicle"
"LTMIRUS","195313","Not Available","4","Light-Duty Vehicles, Long Wheelbase Mileage","Miles per Vehicle"
"LTMIRUS","195413","Not Available","4","Light-Duty Vehicles, Long Wheelbase Mileage","Miles per Vehicle"
"LTMIRUS","195513","Not Available","4","Light-Duty Vehicles, Long Wheelbase Mileage","Miles per Vehicle"
"LTMIRUS","195613","Not Available","4","Light-Duty Vehicles, Long Wheelbase Mileage","Miles per Vehicle"
"LTMIRUS","195713","Not Available","4","Light-Duty Vehicles, Long Wheelbase Mileage","Miles per Vehicle"
"LTMIRUS","195813","Not Available","4","Light-Duty Vehicles, Long Wheelbase Mileage","Miles per Vehicle"
"LTMIRUS","195913","Not Available","4","Light-Duty Vehicles, Long Wheelbase Mileage","Miles per Vehicle"
"LTMIRUS","196013","Not Available","4","Light-Duty Vehicles, Long Wheelbase Mileage","Miles per Vehicle"
"LTMIRUS","196113","Not Available","4","Light-Duty Vehicles, Long Wheelbase Mileage","Miles per Vehicle"
"LTMIRUS","196213","Not Available","4","Light-Duty Vehicles, Long Wheelbase Mileage","Miles per Vehicle"
"LTMIRUS","196313","Not Available","4","Light-Duty Vehicles, Long Wheelbase Mileage","Miles per Vehicle"
"LTMIRUS","196413","Not Available","4","Light-Duty Vehicles, Long Wheelbase Mileage","Miles per Vehicle"
"LTMIRUS","196513","Not Available","4","Light-Duty Vehicles, Long Wheelbase Mileage","Miles per Vehicle"
"LTMIRUS","196613","8077","4","Light-Duty Vehicles, Long Wheelbase Mileage","Miles per Vehicle"
"LTMIRUS","196713","7877","4","Light-Duty Vehicles, Long Wheelbase Mileage","Miles per Vehicle"
"LTMIRUS","196813","8376","4","Light-Duty Vehicles, Long Wheelbase Mileage","Miles per Vehicle"
"LTMIRUS","196913","8355","4","Light-Duty Vehicles, Long Wheelbase Mileage","Miles per Vehicle"
"LTMIRUS","197013","8676","4","Light-Duty Vehicles, Long Wheelbase Mileage","Miles per Vehicle"
"LTMIRUS","197113","9082","4","Light-Duty Vehicles, Long Wheelbase Mileage","Miles per Vehicle"
"LTMIRUS","197213","9534","4","Light-Duty Vehicles, Long Wheelbase Mileage","Miles per Vehicle"
"LTMIRUS","197313","9779","4","Light-Duty Vehicles, Long Wheelbase Mileage","Miles per Vehicle"
"LTMIRUS","197413","9452","4","Light-Duty Vehicles, Long Wheelbase Mileage","Miles per Vehicle"
"LTMIRUS","197513","9829","4","Light-Duty Vehicles, Long Wheelbase Mileage","Miles per Vehicle"
"LTMIRUS","197613","10127","4","Light-Duty Vehicles, Long Wheelbase Mileage","Miles per Vehicle"
"LTMIRUS","197713","10607","4","Light-Duty Vehicles, Long Wheelbase Mileage","Miles per Vehicle"
"LTMIRUS","197813","10968","4","Light-Duty Vehicles, Long Wheelbase Mileage","Miles per Vehicle"
"LTMIRUS","197913","10802","4","Light-Duty Vehicles, Long Wheelbase Mileage","Miles per Vehicle"
"LTMIRUS","198013","10437","4","Light-Duty Vehicles, Long Wheelbase Mileage","Miles per Vehicle"
"LTMIRUS","198113","10244","4","Light-Duty Vehicles, Long Wheelbase Mileage","Miles per Vehicle"
"LTMIRUS","198213","10276","4","Light-Duty Vehicles, Long Wheelbase Mileage","Miles per Vehicle"
"LTMIRUS","198313","10497","4","Light-Duty Vehicles, Long Wheelbase Mileage","Miles per Vehicle"
"LTMIRUS","198413","11151","4","Light-Duty Vehicles, Long Wheelbase Mileage","Miles per Vehicle"
"LTMIRUS","198513","10506","4","Light-Duty Vehicles, Long Wheelbase Mileage","Miles per Vehicle"
"LTMIRUS","198613","10764","4","Light-Duty Vehicles, Long Wheelbase Mileage","Miles per Vehicle"
"LTMIRUS","198713","11114","4","Light-Duty Vehicles, Long Wheelbase Mileage","Miles per Vehicle"
"LTMIRUS","198813","11465","4","Light-Duty Vehicles, Long Wheelbase Mileage","Miles per Vehicle"
"LTMIRUS","198913","11676","4","Light-Duty Vehicles, Long Wheelbase Mileage","Miles per Vehicle"
"LTMIRUS","199013","11902","4","Light-Duty Vehicles, Long Wheelbase Mileage","Miles per Vehicle"
"LTMIRUS","199113","12245","4","Light-Duty Vehicles, Long Wheelbase Mileage","Miles per Vehicle"
"LTMIRUS","199213","12381","4","Light-Duty Vehicles, Long Wheelbase Mileage","Miles per Vehicle"
"LTMIRUS","199313","12430","4","Light-Duty Vehicles, Long Wheelbase Mileage","Miles per Vehicle"
"LTMIRUS","199413","12156","4","Light-Duty Vehicles, Long Wheelbase Mileage","Miles per Vehicle"
"LTMIRUS","199513","12018","4","Light-Duty Vehicles, Long Wheelbase Mileage","Miles per Vehicle"
"LTMIRUS","199613","11811","4","Light-Duty Vehicles, Long Wheelbase Mileage","Miles per Vehicle"
"LTMIRUS","199713","12115","4","Light-Duty Vehicles, Long Wheelbase Mileage","Miles per Vehicle"
"LTMIRUS","199813","12173","4","Light-Duty Vehicles, Long Wheelbase Mileage","Miles per Vehicle"
"LTMIRUS","199913","11957","4","Light-Duty Vehicles, Long Wheelbase Mileage","Miles per Vehicle"
"LTMIRUS","200013","11672","4","Light-Duty Vehicles, Long Wheelbase Mileage","Miles per Vehicle"
"LTMIRUS","200113","11204","4","Light-Duty Vehicles, Long Wheelbase Mileage","Miles per Vehicle"
"LTMIRUS","200213","11364","4","Light-Duty Vehicles, Long Wheelbase Mileage","Miles per Vehicle"
"LTMIRUS","200313","11287","4","Light-Duty Vehicles, Long Wheelbase Mileage","Miles per Vehicle"
"LTMIRUS","200413","11184","4","Light-Duty Vehicles, Long Wheelbase Mileage","Miles per Vehicle"
"LTMIRUS","200513","10920","4","Light-Duty Vehicles, Long Wheelbase Mileage","Miles per Vehicle"
"LTMIRUS","200613","10920","4","Light-Duty Vehicles, Long Wheelbase Mileage","Miles per Vehicle"
"LTMIRUS","200713","14970","4","Light-Duty Vehicles, Long Wheelbase Mileage","Miles per Vehicle"
"LTMIRUS","200813","15256","4","Light-Duty Vehicles, Long Wheelbase Mileage","Miles per Vehicle"
"LTMIRUS","200913","15252","4","Light-Duty Vehicles, Long Wheelbase Mileage","Miles per Vehicle"
"LTMIRUS","201013","15474","4","Light-Duty Vehicles, Long Wheelbase Mileage","Miles per Vehicle"
"LTMIRUS","201113","12007","4","Light-Duty Vehicles, Long Wheelbase Mileage","Miles per Vehicle"
"LTMIRUS","201213","11885","4","Light-Duty Vehicles, Long Wheelbase Mileage","Miles per Vehicle"
"LTMIRUS","201313","11712","4","Light-Duty Vehicles, Long Wheelbase Mileage","Miles per Vehicle"
"LTMIRUS","201413","12138","4","Light-Duty Vehicles, Long Wheelbase Mileage","Miles per Vehicle"
"LTMIRUS","201513","11855","4","Light-Duty Vehicles, Long Wheelbase Mileage","Miles per Vehicle"
"LTMIRUS","201613","11991","4","Light-Duty Vehicles, Long Wheelbase Mileage","Miles per Vehicle"
"LTMIRUS","201713","11543","4","Light-Duty Vehicles, Long Wheelbase Mileage","Miles per Vehicle"
"LTMIRUS","201813","11486","4","Light-Duty Vehicles, Long Wheelbase Mileage","Miles per Vehicle"
"LTMIRUS","201913","11263","4","Light-Duty Vehicles, Long Wheelbase Mileage","Miles per Vehicle"
"LTMIRUS","202013","11355","4","Light-Duty Vehicles, Long Wheelbase Mileage","Miles per Vehicle"
"LTFCRUS","194913","Not Available","5","Light-Duty Vehicles, Long Wheelbase Fuel Consumption","Gallons per Vehicle"
"LTFCRUS","195013","Not Available","5","Light-Duty Vehicles, Long Wheelbase Fuel Consumption","Gallons per Vehicle"
"LTFCRUS","195113","Not Available","5","Light-Duty Vehicles, Long Wheelbase Fuel Consumption","Gallons per Vehicle"
"LTFCRUS","195213","Not Available","5","Light-Duty Vehicles, Long Wheelbase Fuel Consumption","Gallons per Vehicle"
"LTFCRUS","195313","Not Available","5","Light-Duty Vehicles, Long Wheelbase Fuel Consumption","Gallons per Vehicle"
"LTFCRUS","195413","Not Available","5","Light-Duty Vehicles, Long Wheelbase Fuel Consumption","Gallons per Vehicle"
"LTFCRUS","195513","Not Available","5","Light-Duty Vehicles, Long Wheelbase Fuel Consumption","Gallons per Vehicle"
"LTFCRUS","195613","Not Available","5","Light-Duty Vehicles, Long Wheelbase Fuel Consumption","Gallons per Vehicle"
"LTFCRUS","195713","Not Available","5","Light-Duty Vehicles, Long Wheelbase Fuel Consumption","Gallons per Vehicle"
"LTFCRUS","195813","Not Available","5","Light-Duty Vehicles, Long Wheelbase Fuel Consumption","Gallons per Vehicle"
"LTFCRUS","195913","Not Available","5","Light-Duty Vehicles, Long Wheelbase Fuel Consumption","Gallons per Vehicle"
"LTFCRUS","196013","Not Available","5","Light-Duty Vehicles, Long Wheelbase Fuel Consumption","Gallons per Vehicle"
"LTFCRUS","196113","Not Available","5","Light-Duty Vehicles, Long Wheelbase Fuel Consumption","Gallons per Vehicle"
"LTFCRUS","196213","Not Available","5","Light-Duty Vehicles, Long Wheelbase Fuel Consumption","Gallons per Vehicle"
"LTFCRUS","196313","Not Available","5","Light-Duty Vehicles, Long Wheelbase Fuel Consumption","Gallons per Vehicle"
"LTFCRUS","196413","Not Available","5","Light-Duty Vehicles, Long Wheelbase Fuel Consumption","Gallons per Vehicle"
"LTFCRUS","196513","Not Available","5","Light-Duty Vehicles, Long Wheelbase Fuel Consumption","Gallons per Vehicle"
"LTFCRUS","196613","833","5","Light-Duty Vehicles, Long Wheelbase Fuel Consumption","Gallons per Vehicle"
"LTFCRUS","196713","801","5","Light-Duty Vehicles, Long Wheelbase Fuel Consumption","Gallons per Vehicle"
"LTFCRUS","196813","849","5","Light-Duty Vehicles, Long Wheelbase Fuel Consumption","Gallons per Vehicle"
"LTFCRUS","196913","851","5","Light-Duty Vehicles, Long Wheelbase Fuel Consumption","Gallons per Vehicle"
"LTFCRUS","197013","866","5","Light-Duty Vehicles, Long Wheelbase Fuel Consumption","Gallons per Vehicle"
"LTFCRUS","197113","888","5","Light-Duty Vehicles, Long Wheelbase Fuel Consumption","Gallons per Vehicle"
"LTFCRUS","197213","922","5","Light-Duty Vehicles, Long Wheelbase Fuel Consumption","Gallons per Vehicle"
"LTFCRUS","197313","931","5","Light-Duty Vehicles, Long Wheelbase Fuel Consumption","Gallons per Vehicle"
"LTFCRUS","197413","862","5","Light-Duty Vehicles, Long Wheelbase Fuel Consumption","Gallons per Vehicle"
"LTFCRUS","197513","934","5","Light-Duty Vehicles, Long Wheelbase Fuel Consumption","Gallons per Vehicle"
"LTFCRUS","197613","934","5","Light-Duty Vehicles, Long Wheelbase Fuel Consumption","Gallons per Vehicle"
"LTFCRUS","197713","947","5","Light-Duty Vehicles, Long Wheelbase Fuel Consumption","Gallons per Vehicle"
"LTFCRUS","197813","948","5","Light-Duty Vehicles, Long Wheelbase Fuel Consumption","Gallons per Vehicle"
"LTFCRUS","197913","905","5","Light-Duty Vehicles, Long Wheelbase Fuel Consumption","Gallons per Vehicle"
"LTFCRUS","198013","854","5","Light-Duty Vehicles, Long Wheelbase Fuel Consumption","Gallons per Vehicle"
"LTFCRUS","198113","819","5","Light-Duty Vehicles, Long Wheelbase Fuel Consumption","Gallons per Vehicle"
"LTFCRUS","198213","762","5","Light-Duty Vehicles, Long Wheelbase Fuel Consumption","Gallons per Vehicle"
"LTFCRUS","198313","767","5","Light-Duty Vehicles, Long Wheelbase Fuel Consumption","Gallons per Vehicle"
"LTFCRUS","198413","797","5","Light-Duty Vehicles, Long Wheelbase Fuel Consumption","Gallons per Vehicle"
"LTFCRUS","198513","735","5","Light-Duty Vehicles, Long Wheelbase Fuel Consumption","Gallons per Vehicle"
"LTFCRUS","198613","738","5","Light-Duty Vehicles, Long Wheelbase Fuel Consumption","Gallons per Vehicle"
"LTFCRUS","198713","744","5","Light-Duty Vehicles, Long Wheelbase Fuel Consumption","Gallons per Vehicle"
"LTFCRUS","198813","745","5","Light-Duty Vehicles, Long Wheelbase Fuel Consumption","Gallons per Vehicle"
"LTFCRUS","198913","724","5","Light-Duty Vehicles, Long Wheelbase Fuel Consumption","Gallons per Vehicle"
"LTFCRUS","199013","738","5","Light-Duty Vehicles, Long Wheelbase Fuel Consumption","Gallons per Vehicle"
"LTFCRUS","199113","721","5","Light-Duty Vehicles, Long Wheelbase Fuel Consumption","Gallons per Vehicle"
"LTFCRUS","199213","717","5","Light-Duty Vehicles, Long Wheelbase Fuel Consumption","Gallons per Vehicle"
"LTFCRUS","199313","714","5","Light-Duty Vehicles, Long Wheelbase Fuel Consumption","Gallons per Vehicle"
"LTFCRUS","199413","701","5","Light-Duty Vehicles, Long Wheelbase Fuel Consumption","Gallons per Vehicle"
"LTFCRUS","199513","694","5","Light-Duty Vehicles, Long Wheelbase Fuel Consumption","Gallons per Vehicle"
"LTFCRUS","199613","685","5","Light-Duty Vehicles, Long Wheelbase Fuel Consumption","Gallons per Vehicle"
"LTFCRUS","199713","703","5","Light-Duty Vehicles, Long Wheelbase Fuel Consumption","Gallons per Vehicle"
"LTFCRUS","199813","707","5","Light-Duty Vehicles, Long Wheelbase Fuel Consumption","Gallons per Vehicle"
"LTFCRUS","199913","701","5","Light-Duty Vehicles, Long Wheelbase Fuel Consumption","Gallons per Vehicle"
"LTFCRUS","200013","669","5","Light-Duty Vehicles, Long Wheelbase Fuel Consumption","Gallons per Vehicle"
"LTFCRUS","200113","636","5","Light-Duty Vehicles, Long Wheelbase Fuel Consumption","Gallons per Vehicle"
"LTFCRUS","200213","650","5","Light-Duty Vehicles, Long Wheelbase Fuel Consumption","Gallons per Vehicle"
"LTFCRUS","200313","697","5","Light-Duty Vehicles, Long Wheelbase Fuel Consumption","Gallons per Vehicle"
"LTFCRUS","200413","690","5","Light-Duty Vehicles, Long Wheelbase Fuel Consumption","Gallons per Vehicle"
"LTFCRUS","200513","617","5","Light-Duty Vehicles, Long Wheelbase Fuel Consumption","Gallons per Vehicle"
"LTFCRUS","200613","612","5","Light-Duty Vehicles, Long Wheelbase Fuel Consumption","Gallons per Vehicle"
"LTFCRUS","200713","877","5","Light-Duty Vehicles, Long Wheelbase Fuel Consumption","Gallons per Vehicle"
"LTFCRUS","200813","880","5","Light-Duty Vehicles, Long Wheelbase Fuel Consumption","Gallons per Vehicle"
"LTFCRUS","200913","882","5","Light-Duty Vehicles, Long Wheelbase Fuel Consumption","Gallons per Vehicle"
"LTFCRUS","201013","901","5","Light-Duty Vehicles, Long Wheelbase Fuel Consumption","Gallons per Vehicle"
"LTFCRUS","201113","702","5","Light-Duty Vehicles, Long Wheelbase Fuel Consumption","Gallons per Vehicle"
"LTFCRUS","201213","694","5","Light-Duty Vehicles, Long Wheelbase Fuel Consumption","Gallons per Vehicle"
"LTFCRUS","201313","683","5","Light-Duty Vehicles, Long Wheelbase Fuel Consumption","Gallons per Vehicle"
"LTFCRUS","201413","710","5","Light-Duty Vehicles, Long Wheelbase Fuel Consumption","Gallons per Vehicle"
"LTFCRUS","201513","684","5","Light-Duty Vehicles, Long Wheelbase Fuel Consumption","Gallons per Vehicle"
"LTFCRUS","201613","689","5","Light-Duty Vehicles, Long Wheelbase Fuel Consumption","Gallons per Vehicle"
"LTFCRUS","201713","659","5","Light-Duty Vehicles, Long Wheelbase Fuel Consumption","Gallons per Vehicle"
"LTFCRUS","201813","643","5","Light-Duty Vehicles, Long Wheelbase Fuel Consumption","Gallons per Vehicle"
"LTFCRUS","201913","640","5","Light-Duty Vehicles, Long Wheelbase Fuel Consumption","Gallons per Vehicle"
"LTFCRUS","202013","625","5","Light-Duty Vehicles, Long Wheelbase Fuel Consumption","Gallons per Vehicle"
"LTFRRUS","194913","Not Available","6","Light-Duty Vehicles, Long Wheelbase Fuel Economy","Miles per Gallon"
"LTFRRUS","195013","Not Available","6","Light-Duty Vehicles, Long Wheelbase Fuel Economy","Miles per Gallon"
"LTFRRUS","195113","Not Available","6","Light-Duty Vehicles, Long Wheelbase Fuel Economy","Miles per Gallon"
"LTFRRUS","195213","Not Available","6","Light-Duty Vehicles, Long Wheelbase Fuel Economy","Miles per Gallon"
"LTFRRUS","195313","Not Available","6","Light-Duty Vehicles, Long Wheelbase Fuel Economy","Miles per Gallon"
"LTFRRUS","195413","Not Available","6","Light-Duty Vehicles, Long Wheelbase Fuel Economy","Miles per Gallon"
"LTFRRUS","195513","Not Available","6","Light-Duty Vehicles, Long Wheelbase Fuel Economy","Miles per Gallon"
"LTFRRUS","195613","Not Available","6","Light-Duty Vehicles, Long Wheelbase Fuel Economy","Miles per Gallon"
"LTFRRUS","195713","Not Available","6","Light-Duty Vehicles, Long Wheelbase Fuel Economy","Miles per Gallon"
"LTFRRUS","195813","Not Available","6","Light-Duty Vehicles, Long Wheelbase Fuel Economy","Miles per Gallon"
"LTFRRUS","195913","Not Available","6","Light-Duty Vehicles, Long Wheelbase Fuel Economy","Miles per Gallon"
"LTFRRUS","196013","Not Available","6","Light-Duty Vehicles, Long Wheelbase Fuel Economy","Miles per Gallon"
"LTFRRUS","196113","Not Available","6","Light-Duty Vehicles, Long Wheelbase Fuel Economy","Miles per Gallon"
"LTFRRUS","196213","Not Available","6","Light-Duty Vehicles, Long Wheelbase Fuel Economy","Miles per Gallon"
"LTFRRUS","196313","Not Available","6","Light-Duty Vehicles, Long Wheelbase Fuel Economy","Miles per Gallon"
"LTFRRUS","196413","Not Available","6","Light-Duty Vehicles, Long Wheelbase Fuel Economy","Miles per Gallon"
"LTFRRUS","196513","Not Available","6","Light-Duty Vehicles, Long Wheelbase Fuel Economy","Miles per Gallon"
"LTFRRUS","196613","9.7","6","Light-Duty Vehicles, Long Wheelbase Fuel Economy","Miles per Gallon"
"LTFRRUS","196713","9.8","6","Light-Duty Vehicles, Long Wheelbase Fuel Economy","Miles per Gallon"
"LTFRRUS","196813","9.9","6","Light-Duty Vehicles, Long Wheelbase Fuel Economy","Miles per Gallon"
"LTFRRUS","196913","9.8","6","Light-Duty Vehicles, Long Wheelbase Fuel Economy","Miles per Gallon"
"LTFRRUS","197013","10","6","Light-Duty Vehicles, Long Wheelbase Fuel Economy","Miles per Gallon"
"LTFRRUS","197113","10.2","6","Light-Duty Vehicles, Long Wheelbase Fuel Economy","Miles per Gallon"
"LTFRRUS","197213","10.3","6","Light-Duty Vehicles, Long Wheelbase Fuel Economy","Miles per Gallon"
"LTFRRUS","197313","10.5","6","Light-Duty Vehicles, Long Wheelbase Fuel Economy","Miles per Gallon"
"LTFRRUS","197413","11","6","Light-Duty Vehicles, Long Wheelbase Fuel Economy","Miles per Gallon"
"LTFRRUS","197513","10.5","6","Light-Duty Vehicles, Long Wheelbase Fuel Economy","Miles per Gallon"
"LTFRRUS","197613","10.8","6","Light-Duty Vehicles, Long Wheelbase Fuel Economy","Miles per Gallon"
"LTFRRUS","197713","11.2","6","Light-Duty Vehicles, Long Wheelbase Fuel Economy","Miles per Gallon"
"LTFRRUS","197813","11.6","6","Light-Duty Vehicles, Long Wheelbase Fuel Economy","Miles per Gallon"
"LTFRRUS","197913","11.9","6","Light-Duty Vehicles, Long Wheelbase Fuel Economy","Miles per Gallon"
"LTFRRUS","198013","12.2","6","Light-Duty Vehicles, Long Wheelbase Fuel Economy","Miles per Gallon"
"LTFRRUS","198113","12.5","6","Light-Duty Vehicles, Long Wheelbase Fuel Economy","Miles per Gallon"
"LTFRRUS","198213","13.5","6","Light-Duty Vehicles, Long Wheelbase Fuel Economy","Miles per Gallon"
"LTFRRUS","198313","13.7","6","Light-Duty Vehicles, Long Wheelbase Fuel Economy","Miles per Gallon"
"LTFRRUS","198413","14","6","Light-Duty Vehicles, Long Wheelbase Fuel Economy","Miles per Gallon"
"LTFRRUS","198513","14.3","6","Light-Duty Vehicles, Long Wheelbase Fuel Economy","Miles per Gallon"
"LTFRRUS","198613","14.6","6","Light-Duty Vehicles, Long Wheelbase Fuel Economy","Miles per Gallon"
"LTFRRUS","198713","14.9","6","Light-Duty Vehicles, Long Wheelbase Fuel Economy","Miles per Gallon"
"LTFRRUS","198813","15.4","6","Light-Duty Vehicles, Long Wheelbase Fuel Economy","Miles per Gallon"
"LTFRRUS","198913","16.1","6","Light-Duty Vehicles, Long Wheelbase Fuel Economy","Miles per Gallon"
"LTFRRUS","199013","16.1","6","Light-Duty Vehicles, Long Wheelbase Fuel Economy","Miles per Gallon"
"LTFRRUS","199113","17","6","Light-Duty Vehicles, Long Wheelbase Fuel Economy","Miles per Gallon"
"LTFRRUS","199213","17.3","6","Light-Duty Vehicles, Long Wheelbase Fuel Economy","Miles per Gallon"
"LTFRRUS","199313","17.4","6","Light-Duty Vehicles, Long Wheelbase Fuel Economy","Miles per Gallon"
"LTFRRUS","199413","17.3","6","Light-Duty Vehicles, Long Wheelbase Fuel Economy","Miles per Gallon"
"LTFRRUS","199513","17.3","6","Light-Duty Vehicles, Long Wheelbase Fuel Economy","Miles per Gallon"
"LTFRRUS","199613","17.2","6","Light-Duty Vehicles, Long Wheelbase Fuel Economy","Miles per Gallon"
"LTFRRUS","199713","17.2","6","Light-Duty Vehicles, Long Wheelbase Fuel Economy","Miles per Gallon"
"LTFRRUS","199813","17.2","6","Light-Duty Vehicles, Long Wheelbase Fuel Economy","Miles per Gallon"
"LTFRRUS","199913","17","6","Light-Duty Vehicles, Long Wheelbase Fuel Economy","Miles per Gallon"
"LTFRRUS","200013","17.4","6","Light-Duty Vehicles, Long Wheelbase Fuel Economy","Miles per Gallon"
"LTFRRUS","200113","17.6","6","Light-Duty Vehicles, Long Wheelbase Fuel Economy","Miles per Gallon"
"LTFRRUS","200213","17.5","6","Light-Duty Vehicles, Long Wheelbase Fuel Economy","Miles per Gallon"
"LTFRRUS","200313","16.2","6","Light-Duty Vehicles, Long Wheelbase Fuel Economy","Miles per Gallon"
"LTFRRUS","200413","16.2","6","Light-Duty Vehicles, Long Wheelbase Fuel Economy","Miles per Gallon"
"LTFRRUS","200513","17.7","6","Light-Duty Vehicles, Long Wheelbase Fuel Economy","Miles per Gallon"
"LTFRRUS","200613","17.8","6","Light-Duty Vehicles, Long Wheelbase Fuel Economy","Miles per Gallon"
"LTFRRUS","200713","17.1","6","Light-Duty Vehicles, Long Wheelbase Fuel Economy","Miles per Gallon"
"LTFRRUS","200813","17.3","6","Light-Duty Vehicles, Long Wheelbase Fuel Economy","Miles per Gallon"
"LTFRRUS","200913","17.3","6","Light-Duty Vehicles, Long Wheelbase Fuel Economy","Miles per Gallon"
"LTFRRUS","201013","17.2","6","Light-Duty Vehicles, Long Wheelbase Fuel Economy","Miles per Gallon"
"LTFRRUS","201113","17.1","6","Light-Duty Vehicles, Long Wheelbase Fuel Economy","Miles per Gallon"
"LTFRRUS","201213","17.1","6","Light-Duty Vehicles, Long Wheelbase Fuel Economy","Miles per Gallon"
"LTFRRUS","201313","17.2","6","Light-Duty Vehicles, Long Wheelbase Fuel Economy","Miles per Gallon"
"LTFRRUS","201413","17.1","6","Light-Duty Vehicles, Long Wheelbase Fuel Economy","Miles per Gallon"
"LTFRRUS","201513","17.3","6","Light-Duty Vehicles, Long Wheelbase Fuel Economy","Miles per Gallon"
"LTFRRUS","201613","17.4","6","Light-Duty Vehicles, Long Wheelbase Fuel Economy","Miles per Gallon"
"LTFRRUS","201713","17.5","6","Light-Duty Vehicles, Long Wheelbase Fuel Economy","Miles per Gallon"
"LTFRRUS","201813","17.9","6","Light-Duty Vehicles, Long Wheelbase Fuel Economy","Miles per Gallon"
"LTFRRUS","201913","17.6","6","Light-Duty Vehicles, Long Wheelbase Fuel Economy","Miles per Gallon"
"LTFRRUS","202013","18.2","6","Light-Duty Vehicles, Long Wheelbase Fuel Economy","Miles per Gallon"
"TRMIRUS","194913","9712","7","Heavy-Duty Trucks Mileage","Miles per Vehicle"
"TRMIRUS","195013","10316","7","Heavy-Duty Trucks Mileage","Miles per Vehicle"
"TRMIRUS","195113","10545","7","Heavy-Duty Trucks Mileage","Miles per Vehicle"
"TRMIRUS","195213","10769","7","Heavy-Duty Trucks Mileage","Miles per Vehicle"
"TRMIRUS","195313","10963","7","Heavy-Duty Trucks Mileage","Miles per Vehicle"
"TRMIRUS","195413","10682","7","Heavy-Duty Trucks Mileage","Miles per Vehicle"
"TRMIRUS","195513","10576","7","Heavy-Duty Trucks Mileage","Miles per Vehicle"
"TRMIRUS","195613","10511","7","Heavy-Duty Trucks Mileage","Miles per Vehicle"
"TRMIRUS","195713","10774","7","Heavy-Duty Trucks Mileage","Miles per Vehicle"
"TRMIRUS","195813","10768","7","Heavy-Duty Trucks Mileage","Miles per Vehicle"
"TRMIRUS","195913","10702","7","Heavy-Duty Trucks Mileage","Miles per Vehicle"
"TRMIRUS","196013","10693","7","Heavy-Duty Trucks Mileage","Miles per Vehicle"
"TRMIRUS","196113","10537","7","Heavy-Duty Trucks Mileage","Miles per Vehicle"
"TRMIRUS","196213","10554","7","Heavy-Duty Trucks Mileage","Miles per Vehicle"
"TRMIRUS","196313","10395","7","Heavy-Duty Trucks Mileage","Miles per Vehicle"
"TRMIRUS","196413","10408","7","Heavy-Duty Trucks Mileage","Miles per Vehicle"
"TRMIRUS","196513","10851","7","Heavy-Duty Trucks Mileage","Miles per Vehicle"
"TRMIRUS","196613","12537","7","Heavy-Duty Trucks Mileage","Miles per Vehicle"
"TRMIRUS","196713","12789","7","Heavy-Duty Trucks Mileage","Miles per Vehicle"
"TRMIRUS","196813","12402","7","Heavy-Duty Trucks Mileage","Miles per Vehicle"
"TRMIRUS","196913","13484","7","Heavy-Duty Trucks Mileage","Miles per Vehicle"
"TRMIRUS","197013","13565","7","Heavy-Duty Trucks Mileage","Miles per Vehicle"
"TRMIRUS","197113","14117","7","Heavy-Duty Trucks Mileage","Miles per Vehicle"
"TRMIRUS","197213","14780","7","Heavy-Duty Trucks Mileage","Miles per Vehicle"
"TRMIRUS","197313","15370","7","Heavy-Duty Trucks Mileage","Miles per Vehicle"
"TRMIRUS","197413","14995","7","Heavy-Duty Trucks Mileage","Miles per Vehicle"
"TRMIRUS","197513","15167","7","Heavy-Duty Trucks Mileage","Miles per Vehicle"
"TRMIRUS","197613","15438","7","Heavy-Duty Trucks Mileage","Miles per Vehicle"
"TRMIRUS","197713","16700","7","Heavy-Duty Trucks Mileage","Miles per Vehicle"
"TRMIRUS","197813","18045","7","Heavy-Duty Trucks Mileage","Miles per Vehicle"
"TRMIRUS","197913","18502","7","Heavy-Duty Trucks Mileage","Miles per Vehicle"
"TRMIRUS","198013","18736","7","Heavy-Duty Trucks Mileage","Miles per Vehicle"
"TRMIRUS","198113","19016","7","Heavy-Duty Trucks Mileage","Miles per Vehicle"
"TRMIRUS","198213","19931","7","Heavy-Duty Trucks Mileage","Miles per Vehicle"
"TRMIRUS","198313","21083","7","Heavy-Duty Trucks Mileage","Miles per Vehicle"
"TRMIRUS","198413","22550","7","Heavy-Duty Trucks Mileage","Miles per Vehicle"
"TRMIRUS","198513","20597","7","Heavy-Duty Trucks Mileage","Miles per Vehicle"
"TRMIRUS","198613","22143","7","Heavy-Duty Trucks Mileage","Miles per Vehicle"
"TRMIRUS","198713","23349","7","Heavy-Duty Trucks Mileage","Miles per Vehicle"
"TRMIRUS","198813","22485","7","Heavy-Duty Trucks Mileage","Miles per Vehicle"
"TRMIRUS","198913","22926","7","Heavy-Duty Trucks Mileage","Miles per Vehicle"
"TRMIRUS","199013","23603","7","Heavy-Duty Trucks Mileage","Miles per Vehicle"
"TRMIRUS","199113","24229","7","Heavy-Duty Trucks Mileage","Miles per Vehicle"
"TRMIRUS","199213","25373","7","Heavy-Duty Trucks Mileage","Miles per Vehicle"
"TRMIRUS","199313","26262","7","Heavy-Duty Trucks Mileage","Miles per Vehicle"
"TRMIRUS","199413","25838","7","Heavy-Duty Trucks Mileage","Miles per Vehicle"
"TRMIRUS","199513","26514","7","Heavy-Duty Trucks Mileage","Miles per Vehicle"
"TRMIRUS","199613","26092","7","Heavy-Duty Trucks Mileage","Miles per Vehicle"
"TRMIRUS","199713","27032","7","Heavy-Duty Trucks Mileage","Miles per Vehicle"
"TRMIRUS","199813","25397","7","Heavy-Duty Trucks Mileage","Miles per Vehicle"
"TRMIRUS","199913","26014","7","Heavy-Duty Trucks Mileage","Miles per Vehicle"
"TRMIRUS","200013","25617","7","Heavy-Duty Trucks Mileage","Miles per Vehicle"
"TRMIRUS","200113","26602","7","Heavy-Duty Trucks Mileage","Miles per Vehicle"
"TRMIRUS","200213","27071","7","Heavy-Duty Trucks Mileage","Miles per Vehicle"
"TRMIRUS","200313","28093","7","Heavy-Duty Trucks Mileage","Miles per Vehicle"
"TRMIRUS","200413","27023","7","Heavy-Duty Trucks Mileage","Miles per Vehicle"
"TRMIRUS","200513","26235","7","Heavy-Duty Trucks Mileage","Miles per Vehicle"
"TRMIRUS","200613","25231","7","Heavy-Duty Trucks Mileage","Miles per Vehicle"
"TRMIRUS","200713","28290","7","Heavy-Duty Trucks Mileage","Miles per Vehicle"
"TRMIRUS","200813","28573","7","Heavy-Duty Trucks Mileage","Miles per Vehicle"
"TRMIRUS","200913","26274","7","Heavy-Duty Trucks Mileage","Miles per Vehicle"
"TRMIRUS","201013","26604","7","Heavy-Duty Trucks Mileage","Miles per Vehicle"
"TRMIRUS","201113","26054","7","Heavy-Duty Trucks Mileage","Miles per Vehicle"
"TRMIRUS","201213","25255","7","Heavy-Duty Trucks Mileage","Miles per Vehicle"
"TRMIRUS","201313","25951","7","Heavy-Duty Trucks Mileage","Miles per Vehicle"
"TRMIRUS","201413","25594","7","Heavy-Duty Trucks Mileage","Miles per Vehicle"
"TRMIRUS","201513","24979","7","Heavy-Duty Trucks Mileage","Miles per Vehicle"
"TRMIRUS","201613","25037","7","Heavy-Duty Trucks Mileage","Miles per Vehicle"
"TRMIRUS","201713","24335","7","Heavy-Duty Trucks Mileage","Miles per Vehicle"
"TRMIRUS","201813","23037","7","Heavy-Duty Trucks Mileage","Miles per Vehicle"
"TRMIRUS","201913","22930","7","Heavy-Duty Trucks Mileage","Miles per Vehicle"
"TRMIRUS","202013","22415","7","Heavy-Duty Trucks Mileage","Miles per Vehicle"
"TRFCRUS","194913","1080","8","Heavy-Duty Trucks Fuel Consumption","Gallons per Vehicle"
"TRFCRUS","195013","1229","8","Heavy-Duty Trucks Fuel Consumption","Gallons per Vehicle"
"TRFCRUS","195113","1242","8","Heavy-Duty Trucks Fuel Consumption","Gallons per Vehicle"
"TRFCRUS","195213","1288","8","Heavy-Duty Trucks Fuel Consumption","Gallons per Vehicle"
"TRFCRUS","195313","1283","8","Heavy-Duty Trucks Fuel Consumption","Gallons per Vehicle"
"TRFCRUS","195413","1281","8","Heavy-Duty Trucks Fuel Consumption","Gallons per Vehicle"
"TRFCRUS","195513","1293","8","Heavy-Duty Trucks Fuel Consumption","Gallons per Vehicle"
"TRFCRUS","195613","1309","8","Heavy-Duty Trucks Fuel Consumption","Gallons per Vehicle"
"TRFCRUS","195713","1304","8","Heavy-Duty Trucks Fuel Consumption","Gallons per Vehicle"
"TRFCRUS","195813","1303","8","Heavy-Duty Trucks Fuel Consumption","Gallons per Vehicle"
"TRFCRUS","195913","1328","8","Heavy-Duty Trucks Fuel Consumption","Gallons per Vehicle"
"TRFCRUS","196013","1333","8","Heavy-Duty Trucks Fuel Consumption","Gallons per Vehicle"
"TRFCRUS","196113","1341","8","Heavy-Duty Trucks Fuel Consumption","Gallons per Vehicle"
"TRFCRUS","196213","1337","8","Heavy-Duty Trucks Fuel Consumption","Gallons per Vehicle"
"TRFCRUS","196313","1380","8","Heavy-Duty Trucks Fuel Consumption","Gallons per Vehicle"
"TRFCRUS","196413","1389","8","Heavy-Duty Trucks Fuel Consumption","Gallons per Vehicle"
"TRFCRUS","196513","1387","8","Heavy-Duty Trucks Fuel Consumption","Gallons per Vehicle"
"TRFCRUS","196613","2250","8","Heavy-Duty Trucks Fuel Consumption","Gallons per Vehicle"
"TRFCRUS","196713","2294","8","Heavy-Duty Trucks Fuel Consumption","Gallons per Vehicle"
"TRFCRUS","196813","2240","8","Heavy-Duty Trucks Fuel Consumption","Gallons per Vehicle"
"TRFCRUS","196913","2459","8","Heavy-Duty Trucks Fuel Consumption","Gallons per Vehicle"
"TRFCRUS","197013","2467","8","Heavy-Duty Trucks Fuel Consumption","Gallons per Vehicle"
"TRFCRUS","197113","2519","8","Heavy-Duty Trucks Fuel Consumption","Gallons per Vehicle"
"TRFCRUS","197213","2657","8","Heavy-Duty Trucks Fuel Consumption","Gallons per Vehicle"
"TRFCRUS","197313","2775","8","Heavy-Duty Trucks Fuel Consumption","Gallons per Vehicle"
"TRFCRUS","197413","2708","8","Heavy-Duty Trucks Fuel Consumption","Gallons per Vehicle"
"TRFCRUS","197513","2722","8","Heavy-Duty Trucks Fuel Consumption","Gallons per Vehicle"
"TRFCRUS","197613","2764","8","Heavy-Duty Trucks Fuel Consumption","Gallons per Vehicle"
"TRFCRUS","197713","3002","8","Heavy-Duty Trucks Fuel Consumption","Gallons per Vehicle"
"TRFCRUS","197813","3263","8","Heavy-Duty Trucks Fuel Consumption","Gallons per Vehicle"
"TRFCRUS","197913","3380","8","Heavy-Duty Trucks Fuel Consumption","Gallons per Vehicle"
"TRFCRUS","198013","3447","8","Heavy-Duty Trucks Fuel Consumption","Gallons per Vehicle"
"TRFCRUS","198113","3565","8","Heavy-Duty Trucks Fuel Consumption","Gallons per Vehicle"
"TRFCRUS","198213","3647","8","Heavy-Duty Trucks Fuel Consumption","Gallons per Vehicle"
"TRFCRUS","198313","3769","8","Heavy-Duty Trucks Fuel Consumption","Gallons per Vehicle"
"TRFCRUS","198413","3967","8","Heavy-Duty Trucks Fuel Consumption","Gallons per Vehicle"
"TRFCRUS","198513","3570","8","Heavy-Duty Trucks Fuel Consumption","Gallons per Vehicle"
"TRFCRUS","198613","3821","8","Heavy-Duty Trucks Fuel Consumption","Gallons per Vehicle"
"TRFCRUS","198713","3937","8","Heavy-Duty Trucks Fuel Consumption","Gallons per Vehicle"
"TRFCRUS","198813","3736","8","Heavy-Duty Trucks Fuel Consumption","Gallons per Vehicle"
"TRFCRUS","198913","3776","8","Heavy-Duty Trucks Fuel Consumption","Gallons per Vehicle"
"TRFCRUS","199013","3953","8","Heavy-Duty Trucks Fuel Consumption","Gallons per Vehicle"
"TRFCRUS","199113","4047","8","Heavy-Duty Trucks Fuel Consumption","Gallons per Vehicle"
"TRFCRUS","199213","4210","8","Heavy-Duty Trucks Fuel Consumption","Gallons per Vehicle"
"TRFCRUS","199313","4309","8","Heavy-Duty Trucks Fuel Consumption","Gallons per Vehicle"
"TRFCRUS","199413","4202","8","Heavy-Duty Trucks Fuel Consumption","Gallons per Vehicle"
"TRFCRUS","199513","4315","8","Heavy-Duty Trucks Fuel Consumption","Gallons per Vehicle"
"TRFCRUS","199613","4221","8","Heavy-Duty Trucks Fuel Consumption","Gallons per Vehicle"
"TRFCRUS","199713","4218","8","Heavy-Duty Trucks Fuel Consumption","Gallons per Vehicle"
"TRFCRUS","199813","4135","8","Heavy-Duty Trucks Fuel Consumption","Gallons per Vehicle"
"TRFCRUS","199913","4352","8","Heavy-Duty Trucks Fuel Consumption","Gallons per Vehicle"
"TRFCRUS","200013","4391","8","Heavy-Duty Trucks Fuel Consumption","Gallons per Vehicle"
"TRFCRUS","200113","4477","8","Heavy-Duty Trucks Fuel Consumption","Gallons per Vehicle"
"TRFCRUS","200213","4642","8","Heavy-Duty Trucks Fuel Consumption","Gallons per Vehicle"
"TRFCRUS","200313","4215","8","Heavy-Duty Trucks Fuel Consumption","Gallons per Vehicle"
"TRFCRUS","200413","4057","8","Heavy-Duty Trucks Fuel Consumption","Gallons per Vehicle"
"TRFCRUS","200513","4385","8","Heavy-Duty Trucks Fuel Consumption","Gallons per Vehicle"
"TRFCRUS","200613","4304","8","Heavy-Duty Trucks Fuel Consumption","Gallons per Vehicle"
"TRFCRUS","200713","4398","8","Heavy-Duty Trucks Fuel Consumption","Gallons per Vehicle"
"TRFCRUS","200813","4387","8","Heavy-Duty Trucks Fuel Consumption","Gallons per Vehicle"
"TRFCRUS","200913","4037","8","Heavy-Duty Trucks Fuel Consumption","Gallons per Vehicle"
"TRFCRUS","201013","4180","8","Heavy-Duty Trucks Fuel Consumption","Gallons per Vehicle"
"TRFCRUS","201113","4128","8","Heavy-Duty Trucks Fuel Consumption","Gallons per Vehicle"
"TRFCRUS","201213","3973","8","Heavy-Duty Trucks Fuel Consumption","Gallons per Vehicle"
"TRFCRUS","201313","4086","8","Heavy-Duty Trucks Fuel Consumption","Gallons per Vehicle"
"TRFCRUS","201413","4036","8","Heavy-Duty Trucks Fuel Consumption","Gallons per Vehicle"
"TRFCRUS","201513","3904","8","Heavy-Duty Trucks Fuel Consumption","Gallons per Vehicle"
"TRFCRUS","201613","3904","8","Heavy-Duty Trucks Fuel Consumption","Gallons per Vehicle"
"TRFCRUS","201713","3758","8","Heavy-Duty Trucks Fuel Consumption","Gallons per Vehicle"
"TRFCRUS","201813","3507","8","Heavy-Duty Trucks Fuel Consumption","Gallons per Vehicle"
"TRFCRUS","201913","3488","8","Heavy-Duty Trucks Fuel Consumption","Gallons per Vehicle"
"TRFCRUS","202013","3324","8","Heavy-Duty Trucks Fuel Consumption","Gallons per Vehicle"
"TRFRRUS","194913","9","9","Heavy-Duty Trucks Fuel Economy","Miles per Gallon"
"TRFRRUS","195013","8.4","9","Heavy-Duty Trucks Fuel Economy","Miles per Gallon"
"TRFRRUS","195113","8.5","9","Heavy-Duty Trucks Fuel Economy","Miles per Gallon"
"TRFRRUS","195213","8.4","9","Heavy-Duty Trucks Fuel Economy","Miles per Gallon"
"TRFRRUS","195313","8.5","9","Heavy-Duty Trucks Fuel Economy","Miles per Gallon"
"TRFRRUS","195413","8.3","9","Heavy-Duty Trucks Fuel Economy","Miles per Gallon"
"TRFRRUS","195513","8.2","9","Heavy-Duty Trucks Fuel Economy","Miles per Gallon"
"TRFRRUS","195613","8","9","Heavy-Duty Trucks Fuel Economy","Miles per Gallon"
"TRFRRUS","195713","8.3","9","Heavy-Duty Trucks Fuel Economy","Miles per Gallon"
"TRFRRUS","195813","8.3","9","Heavy-Duty Trucks Fuel Economy","Miles per Gallon"
"TRFRRUS","195913","8.1","9","Heavy-Duty Trucks Fuel Economy","Miles per Gallon"
"TRFRRUS","196013","8","9","Heavy-Duty Trucks Fuel Economy","Miles per Gallon"
"TRFRRUS","196113","7.9","9","Heavy-Duty Trucks Fuel Economy","Miles per Gallon"
"TRFRRUS","196213","7.9","9","Heavy-Duty Trucks Fuel Economy","Miles per Gallon"
"TRFRRUS","196313","7.5","9","Heavy-Duty Trucks Fuel Economy","Miles per Gallon"
"TRFRRUS","196413","7.5","9","Heavy-Duty Trucks Fuel Economy","Miles per Gallon"
"TRFRRUS","196513","7.8","9","Heavy-Duty Trucks Fuel Economy","Miles per Gallon"
"TRFRRUS","196613","5.6","9","Heavy-Duty Trucks Fuel Economy","Miles per Gallon"
"TRFRRUS","196713","5.6","9","Heavy-Duty Trucks Fuel Economy","Miles per Gallon"
"TRFRRUS","196813","5.5","9","Heavy-Duty Trucks Fuel Economy","Miles per Gallon"
"TRFRRUS","196913","5.5","9","Heavy-Duty Trucks Fuel Economy","Miles per Gallon"
"TRFRRUS","197013","5.5","9","Heavy-Duty Trucks Fuel Economy","Miles per Gallon"
"TRFRRUS","197113","5.6","9","Heavy-Duty Trucks Fuel Economy","Miles per Gallon"
"TRFRRUS","197213","5.6","9","Heavy-Duty Trucks Fuel Economy","Miles per Gallon"
"TRFRRUS","197313","5.5","9","Heavy-Duty Trucks Fuel Economy","Miles per Gallon"
"TRFRRUS","197413","5.5","9","Heavy-Duty Trucks Fuel Economy","Miles per Gallon"
"TRFRRUS","197513","5.6","9","Heavy-Duty Trucks Fuel Economy","Miles per Gallon"
"TRFRRUS","197613","5.6","9","Heavy-Duty Trucks Fuel Economy","Miles per Gallon"
"TRFRRUS","197713","5.6","9","Heavy-Duty Trucks Fuel Economy","Miles per Gallon"
"TRFRRUS","197813","5.5","9","Heavy-Duty Trucks Fuel Economy","Miles per Gallon"
"TRFRRUS","197913","5.5","9","Heavy-Duty Trucks Fuel Economy","Miles per Gallon"
"TRFRRUS","198013","5.4","9","Heavy-Duty Trucks Fuel Economy","Miles per Gallon"
"TRFRRUS","198113","5.3","9","Heavy-Duty Trucks Fuel Economy","Miles per Gallon"
"TRFRRUS","198213","5.5","9","Heavy-Duty Trucks Fuel Economy","Miles per Gallon"
"TRFRRUS","198313","5.6","9","Heavy-Duty Trucks Fuel Economy","Miles per Gallon"
"TRFRRUS","198413","5.7","9","Heavy-Duty Trucks Fuel Economy","Miles per Gallon"
"TRFRRUS","198513","5.8","9","Heavy-Duty Trucks Fuel Economy","Miles per Gallon"
"TRFRRUS","198613","5.8","9","Heavy-Duty Trucks Fuel Economy","Miles per Gallon"
"TRFRRUS","198713","5.9","9","Heavy-Duty Trucks Fuel Economy","Miles per Gallon"
"TRFRRUS","198813","6","9","Heavy-Duty Trucks Fuel Economy","Miles per Gallon"
"TRFRRUS","198913","6.1","9","Heavy-Duty Trucks Fuel Economy","Miles per Gallon"
"TRFRRUS","199013","6","9","Heavy-Duty Trucks Fuel Economy","Miles per Gallon"
"TRFRRUS","199113","6","9","Heavy-Duty Trucks Fuel Economy","Miles per Gallon"
"TRFRRUS","199213","6","9","Heavy-Duty Trucks Fuel Economy","Miles per Gallon"
"TRFRRUS","199313","6.1","9","Heavy-Duty Trucks Fuel Economy","Miles per Gallon"
"TRFRRUS","199413","6.1","9","Heavy-Duty Trucks Fuel Economy","Miles per Gallon"
"TRFRRUS","199513","6.1","9","Heavy-Duty Trucks Fuel Economy","Miles per Gallon"
"TRFRRUS","199613","6.2","9","Heavy-Duty Trucks Fuel Economy","Miles per Gallon"
"TRFRRUS","199713","6.4","9","Heavy-Duty Trucks Fuel Economy","Miles per Gallon"
"TRFRRUS","199813","6.1","9","Heavy-Duty Trucks Fuel Economy","Miles per Gallon"
"TRFRRUS","199913","6","9","Heavy-Duty Trucks Fuel Economy","Miles per Gallon"
"TRFRRUS","200013","5.8","9","Heavy-Duty Trucks Fuel Economy","Miles per Gallon"
"TRFRRUS","200113","5.9","9","Heavy-Duty Trucks Fuel Economy","Miles per Gallon"
"TRFRRUS","200213","5.8","9","Heavy-Duty Trucks Fuel Economy","Miles per Gallon"
"TRFRRUS","200313","6.7","9","Heavy-Duty Trucks Fuel Economy","Miles per Gallon"
"TRFRRUS","200413","6.7","9","Heavy-Duty Trucks Fuel Economy","Miles per Gallon"
"TRFRRUS","200513","6","9","Heavy-Duty Trucks Fuel Economy","Miles per Gallon"
"TRFRRUS","200613","5.9","9","Heavy-Duty Trucks Fuel Economy","Miles per Gallon"
"TRFRRUS","200713","6.4","9","Heavy-Duty Trucks Fuel Economy","Miles per Gallon"
"TRFRRUS","200813","6.5","9","Heavy-Duty Trucks Fuel Economy","Miles per Gallon"
"TRFRRUS","200913","6.5","9","Heavy-Duty Trucks Fuel Economy","Miles per Gallon"
"TRFRRUS","201013","6.4","9","Heavy-Duty Trucks Fuel Economy","Miles per Gallon"
"TRFRRUS","201113","6.3","9","Heavy-Duty Trucks Fuel Economy","Miles per Gallon"
"TRFRRUS","201213","6.4","9","Heavy-Duty Trucks Fuel Economy","Miles per Gallon"
"TRFRRUS","201313","6.4","9","Heavy-Duty Trucks Fuel Economy","Miles per Gallon"
"TRFRRUS","201413","6.3","9","Heavy-Duty Trucks Fuel Economy","Miles per Gallon"
"TRFRRUS","201513","6.4","9","Heavy-Duty Trucks Fuel Economy","Miles per Gallon"
"TRFRRUS","201613","6.4","9","Heavy-Duty Trucks Fuel Economy","Miles per Gallon"
"TRFRRUS","201713","6.5","9","Heavy-Duty Trucks Fuel Economy","Miles per Gallon"
"TRFRRUS","201813","6.6","9","Heavy-Duty Trucks Fuel Economy","Miles per Gallon"
"TRFRRUS","201913","6.6","9","Heavy-Duty Trucks Fuel Economy","Miles per Gallon"
"TRFRRUS","202013","6.7","9","Heavy-Duty Trucks Fuel Economy","Miles per Gallon"
"MVMIRUS","194913","9498","10","All Motor Vehicles Mileage","Miles per Vehicle"
"MVMIRUS","195013","9321","10","All Motor Vehicles Mileage","Miles per Vehicle"
"MVMIRUS","195113","9460","10","All Motor Vehicles Mileage","Miles per Vehicle"
"MVMIRUS","195213","9642","10","All Motor Vehicles Mileage","Miles per Vehicle"
"MVMIRUS","195313","9684","10","All Motor Vehicles Mileage","Miles per Vehicle"
"MVMIRUS","195413","9605","10","All Motor Vehicles Mileage","Miles per Vehicle"
"MVMIRUS","195513","9661","10","All Motor Vehicles Mileage","Miles per Vehicle"
"MVMIRUS","195613","9688","10","All Motor Vehicles Mileage","Miles per Vehicle"
"MVMIRUS","195713","9609","10","All Motor Vehicles Mileage","Miles per Vehicle"
"MVMIRUS","195813","9732","10","All Motor Vehicles Mileage","Miles per Vehicle"
"MVMIRUS","195913","9817","10","All Motor Vehicles Mileage","Miles per Vehicle"
"MVMIRUS","196013","9732","10","All Motor Vehicles Mileage","Miles per Vehicle"
"MVMIRUS","196113","9708","10","All Motor Vehicles Mileage","Miles per Vehicle"
"MVMIRUS","196213","9687","10","All Motor Vehicles Mileage","Miles per Vehicle"
"MVMIRUS","196313","9737","10","All Motor Vehicles Mileage","Miles per Vehicle"
"MVMIRUS","196413","9805","10","All Motor Vehicles Mileage","Miles per Vehicle"
"MVMIRUS","196513","9826","10","All Motor Vehicles Mileage","Miles per Vehicle"
"MVMIRUS","196613","9675","10","All Motor Vehicles Mileage","Miles per Vehicle"
"MVMIRUS","196713","9751","10","All Motor Vehicles Mileage","Miles per Vehicle"
"MVMIRUS","196813","9864","10","All Motor Vehicles Mileage","Miles per Vehicle"
"MVMIRUS","196913","9885","10","All Motor Vehicles Mileage","Miles per Vehicle"
"MVMIRUS","197013","9976","10","All Motor Vehicles Mileage","Miles per Vehicle"
"MVMIRUS","197113","10133","10","All Motor Vehicles Mileage","Miles per Vehicle"
"MVMIRUS","197213","10279","10","All Motor Vehicles Mileage","Miles per Vehicle"
"MVMIRUS","197313","10099","10","All Motor Vehicles Mileage","Miles per Vehicle"
"MVMIRUS","197413","9493","10","All Motor Vehicles Mileage","Miles per Vehicle"
"MVMIRUS","197513","9627","10","All Motor Vehicles Mileage","Miles per Vehicle"
"MVMIRUS","197613","9774","10","All Motor Vehicles Mileage","Miles per Vehicle"
"MVMIRUS","197713","9978","10","All Motor Vehicles Mileage","Miles per Vehicle"
"MVMIRUS","197813","10077","10","All Motor Vehicles Mileage","Miles per Vehicle"
"MVMIRUS","197913","9722","10","All Motor Vehicles Mileage","Miles per Vehicle"
"MVMIRUS","198013","9458","10","All Motor Vehicles Mileage","Miles per Vehicle"
"MVMIRUS","198113","9477","10","All Motor Vehicles Mileage","Miles per Vehicle"
"MVMIRUS","198213","9644","10","All Motor Vehicles Mileage","Miles per Vehicle"
"MVMIRUS","198313","9760","10","All Motor Vehicles Mileage","Miles per Vehicle"
"MVMIRUS","198413","10017","10","All Motor Vehicles Mileage","Miles per Vehicle"
"MVMIRUS","198513","10020","10","All Motor Vehicles Mileage","Miles per Vehicle"
"MVMIRUS","198613","10143","10","All Motor Vehicles Mileage","Miles per Vehicle"
"MVMIRUS","198713","10453","10","All Motor Vehicles Mileage","Miles per Vehicle"
"MVMIRUS","198813","10721","10","All Motor Vehicles Mileage","Miles per Vehicle"
"MVMIRUS","198913","10932","10","All Motor Vehicles Mileage","Miles per Vehicle"
"MVMIRUS","199013","11107","10","All Motor Vehicles Mileage","Miles per Vehicle"
"MVMIRUS","199113","11294","10","All Motor Vehicles Mileage","Miles per Vehicle"
"MVMIRUS","199213","11558","10","All Motor Vehicles Mileage","Miles per Vehicle"
"MVMIRUS","199313","11595","10","All Motor Vehicles Mileage","Miles per Vehicle"
"MVMIRUS","199413","11683","10","All Motor Vehicles Mileage","Miles per Vehicle"
"MVMIRUS","199513","11793","10","All Motor Vehicles Mileage","Miles per Vehicle"
"MVMIRUS","199613","11813","10","All Motor Vehicles Mileage","Miles per Vehicle"
"MVMIRUS","199713","12107","10","All Motor Vehicles Mileage","Miles per Vehicle"
"MVMIRUS","199813","12211","10","All Motor Vehicles Mileage","Miles per Vehicle"
"MVMIRUS","199913","12206","10","All Motor Vehicles Mileage","Miles per Vehicle"
"MVMIRUS","200013","12164","10","All Motor Vehicles Mileage","Miles per Vehicle"
"MVMIRUS","200113","11887","10","All Motor Vehicles Mileage","Miles per Vehicle"
"MVMIRUS","200213","12171","10","All Motor Vehicles Mileage","Miles per Vehicle"
"MVMIRUS","200313","12208","10","All Motor Vehicles Mileage","Miles per Vehicle"
"MVMIRUS","200413","12200","10","All Motor Vehicles Mileage","Miles per Vehicle"
"MVMIRUS","200513","12082","10","All Motor Vehicles Mileage","Miles per Vehicle"
"MVMIRUS","200613","12017","10","All Motor Vehicles Mileage","Miles per Vehicle"
"MVMIRUS","200713","11915","10","All Motor Vehicles Mileage","Miles per Vehicle"
"MVMIRUS","200813","11631","10","All Motor Vehicles Mileage","Miles per Vehicle"
"MVMIRUS","200913","11631","10","All Motor Vehicles Mileage","Miles per Vehicle"
"MVMIRUS","201013","11866","10","All Motor Vehicles Mileage","Miles per Vehicle"
"MVMIRUS","201113","11652","10","All Motor Vehicles Mileage","Miles per Vehicle"
"MVMIRUS","201213","11707","10","All Motor Vehicles Mileage","Miles per Vehicle"
"MVMIRUS","201313","11679","10","All Motor Vehicles Mileage","Miles per Vehicle"
"MVMIRUS","201413","11621","10","All Motor Vehicles Mileage","Miles per Vehicle"
"MVMIRUS","201513","11742","10","All Motor Vehicles Mileage","Miles per Vehicle"
"MVMIRUS","201613","11810","10","All Motor Vehicles Mileage","Miles per Vehicle"
"MVMIRUS","201713","11789","10","All Motor Vehicles Mileage","Miles per Vehicle"
"MVMIRUS","201813","11843","10","All Motor Vehicles Mileage","Miles per Vehicle"
"MVMIRUS","201913","11797","10","All Motor Vehicles Mileage","Miles per Vehicle"
"MVMIRUS","202013","10523","10","All Motor Vehicles Mileage","Miles per Vehicle"
"MVFCRUS","194913","726","11","All Motor Vehicles Fuel Consumption","Gallons per Vehicle"
"MVFCRUS","195013","725","11","All Motor Vehicles Fuel Consumption","Gallons per Vehicle"
"MVFCRUS","195113","735","11","All Motor Vehicles Fuel Consumption","Gallons per Vehicle"
"MVFCRUS","195213","762","11","All Motor Vehicles Fuel Consumption","Gallons per Vehicle"
"MVFCRUS","195313","760","11","All Motor Vehicles Fuel Consumption","Gallons per Vehicle"
"MVFCRUS","195413","758","11","All Motor Vehicles Fuel Consumption","Gallons per Vehicle"
"MVFCRUS","195513","761","11","All Motor Vehicles Fuel Consumption","Gallons per Vehicle"
"MVFCRUS","195613","771","11","All Motor Vehicles Fuel Consumption","Gallons per Vehicle"
"MVFCRUS","195713","773","11","All Motor Vehicles Fuel Consumption","Gallons per Vehicle"
"MVFCRUS","195813","782","11","All Motor Vehicles Fuel Consumption","Gallons per Vehicle"
"MVFCRUS","195913","789","11","All Motor Vehicles Fuel Consumption","Gallons per Vehicle"
"MVFCRUS","196013","784","11","All Motor Vehicles Fuel Consumption","Gallons per Vehicle"
"MVFCRUS","196113","781","11","All Motor Vehicles Fuel Consumption","Gallons per Vehicle"
"MVFCRUS","196213","779","11","All Motor Vehicles Fuel Consumption","Gallons per Vehicle"
"MVFCRUS","196313","780","11","All Motor Vehicles Fuel Consumption","Gallons per Vehicle"
"MVFCRUS","196413","787","11","All Motor Vehicles Fuel Consumption","Gallons per Vehicle"
"MVFCRUS","196513","787","11","All Motor Vehicles Fuel Consumption","Gallons per Vehicle"
"MVFCRUS","196613","780","11","All Motor Vehicles Fuel Consumption","Gallons per Vehicle"
"MVFCRUS","196713","786","11","All Motor Vehicles Fuel Consumption","Gallons per Vehicle"
"MVFCRUS","196813","805","11","All Motor Vehicles Fuel Consumption","Gallons per Vehicle"
"MVFCRUS","196913","821","11","All Motor Vehicles Fuel Consumption","Gallons per Vehicle"
"MVFCRUS","197013","830","11","All Motor Vehicles Fuel Consumption","Gallons per Vehicle"
"MVFCRUS","197113","839","11","All Motor Vehicles Fuel Consumption","Gallons per Vehicle"
"MVFCRUS","197213","857","11","All Motor Vehicles Fuel Consumption","Gallons per Vehicle"
"MVFCRUS","197313","850","11","All Motor Vehicles Fuel Consumption","Gallons per Vehicle"
"MVFCRUS","197413","788","11","All Motor Vehicles Fuel Consumption","Gallons per Vehicle"
"MVFCRUS","197513","790","11","All Motor Vehicles Fuel Consumption","Gallons per Vehicle"
"MVFCRUS","197613","806","11","All Motor Vehicles Fuel Consumption","Gallons per Vehicle"
"MVFCRUS","197713","814","11","All Motor Vehicles Fuel Consumption","Gallons per Vehicle"
"MVFCRUS","197813","816","11","All Motor Vehicles Fuel Consumption","Gallons per Vehicle"
"MVFCRUS","197913","776","11","All Motor Vehicles Fuel Consumption","Gallons per Vehicle"
"MVFCRUS","198013","712","11","All Motor Vehicles Fuel Consumption","Gallons per Vehicle"
"MVFCRUS","198113","697","11","All Motor Vehicles Fuel Consumption","Gallons per Vehicle"
"MVFCRUS","198213","686","11","All Motor Vehicles Fuel Consumption","Gallons per Vehicle"
"MVFCRUS","198313","686","11","All Motor Vehicles Fuel Consumption","Gallons per Vehicle"
"MVFCRUS","198413","691","11","All Motor Vehicles Fuel Consumption","Gallons per Vehicle"
"MVFCRUS","198513","685","11","All Motor Vehicles Fuel Consumption","Gallons per Vehicle"
"MVFCRUS","198613","692","11","All Motor Vehicles Fuel Consumption","Gallons per Vehicle"
"MVFCRUS","198713","694","11","All Motor Vehicles Fuel Consumption","Gallons per Vehicle"
"MVFCRUS","198813","688","11","All Motor Vehicles Fuel Consumption","Gallons per Vehicle"
"MVFCRUS","198913","688","11","All Motor Vehicles Fuel Consumption","Gallons per Vehicle"
"MVFCRUS","199013","677","11","All Motor Vehicles Fuel Consumption","Gallons per Vehicle"
"MVFCRUS","199113","669","11","All Motor Vehicles Fuel Consumption","Gallons per Vehicle"
"MVFCRUS","199213","683","11","All Motor Vehicles Fuel Consumption","Gallons per Vehicle"
"MVFCRUS","199313","693","11","All Motor Vehicles Fuel Consumption","Gallons per Vehicle"
"MVFCRUS","199413","698","11","All Motor Vehicles Fuel Consumption","Gallons per Vehicle"
"MVFCRUS","199513","700","11","All Motor Vehicles Fuel Consumption","Gallons per Vehicle"
"MVFCRUS","199613","700","11","All Motor Vehicles Fuel Consumption","Gallons per Vehicle"
"MVFCRUS","199713","711","11","All Motor Vehicles Fuel Consumption","Gallons per Vehicle"
"MVFCRUS","199813","721","11","All Motor Vehicles Fuel Consumption","Gallons per Vehicle"
"MVFCRUS","199913","732","11","All Motor Vehicles Fuel Consumption","Gallons per Vehicle"
"MVFCRUS","200013","720","11","All Motor Vehicles Fuel Consumption","Gallons per Vehicle"
"MVFCRUS","200113","695","11","All Motor Vehicles Fuel Consumption","Gallons per Vehicle"
"MVFCRUS","200213","719","11","All Motor Vehicles Fuel Consumption","Gallons per Vehicle"
"MVFCRUS","200313","718","11","All Motor Vehicles Fuel Consumption","Gallons per Vehicle"
"MVFCRUS","200413","714","11","All Motor Vehicles Fuel Consumption","Gallons per Vehicle"
"MVFCRUS","200513","706","11","All Motor Vehicles Fuel Consumption","Gallons per Vehicle"
"MVFCRUS","200613","698","11","All Motor Vehicles Fuel Consumption","Gallons per Vehicle"
"MVFCRUS","200713","693","11","All Motor Vehicles Fuel Consumption","Gallons per Vehicle"
"MVFCRUS","200813","667","11","All Motor Vehicles Fuel Consumption","Gallons per Vehicle"
"MVFCRUS","200913","661","11","All Motor Vehicles Fuel Consumption","Gallons per Vehicle"
"MVFCRUS","201013","681","11","All Motor Vehicles Fuel Consumption","Gallons per Vehicle"
"MVFCRUS","201113","665","11","All Motor Vehicles Fuel Consumption","Gallons per Vehicle"
"MVFCRUS","201213","665","11","All Motor Vehicles Fuel Consumption","Gallons per Vehicle"
"MVFCRUS","201313","663","11","All Motor Vehicles Fuel Consumption","Gallons per Vehicle"
"MVFCRUS","201413","666","11","All Motor Vehicles Fuel Consumption","Gallons per Vehicle"
"MVFCRUS","201513","656","11","All Motor Vehicles Fuel Consumption","Gallons per Vehicle"
"MVFCRUS","201613","658","11","All Motor Vehicles Fuel Consumption","Gallons per Vehicle"
"MVFCRUS","201713","653","11","All Motor Vehicles Fuel Consumption","Gallons per Vehicle"
"MVFCRUS","201813","651","11","All Motor Vehicles Fuel Consumption","Gallons per Vehicle"
"MVFCRUS","201913","651","11","All Motor Vehicles Fuel Consumption","Gallons per Vehicle"
"MVFCRUS","202013","577","11","All Motor Vehicles Fuel Consumption","Gallons per Vehicle"
"MVFRRUS","194913","13.1","12","All Motor Vehicles Fuel Economy","Miles per Gallon"
"MVFRRUS","195013","12.8","12","All Motor Vehicles Fuel Economy","Miles per Gallon"
"MVFRRUS","195113","12.9","12","All Motor Vehicles Fuel Economy","Miles per Gallon"
"MVFRRUS","195213","12.7","12","All Motor Vehicles Fuel Economy","Miles per Gallon"
"MVFRRUS","195313","12.7","12","All Motor Vehicles Fuel Economy","Miles per Gallon"
"MVFRRUS","195413","12.7","12","All Motor Vehicles Fuel Economy","Miles per Gallon"
"MVFRRUS","195513","12.7","12","All Motor Vehicles Fuel Economy","Miles per Gallon"
"MVFRRUS","195613","12.6","12","All Motor Vehicles Fuel Economy","Miles per Gallon"
"MVFRRUS","195713","12.4","12","All Motor Vehicles Fuel Economy","Miles per Gallon"
"MVFRRUS","195813","12.4","12","All Motor Vehicles Fuel Economy","Miles per Gallon"
"MVFRRUS","195913","12.4","12","All Motor Vehicles Fuel Economy","Miles per Gallon"
"MVFRRUS","196013","12.4","12","All Motor Vehicles Fuel Economy","Miles per Gallon"
"MVFRRUS","196113","12.4","12","All Motor Vehicles Fuel Economy","Miles per Gallon"
"MVFRRUS","196213","12.4","12","All Motor Vehicles Fuel Economy","Miles per Gallon"
"MVFRRUS","196313","12.5","12","All Motor Vehicles Fuel Economy","Miles per Gallon"
"MVFRRUS","196413","12.5","12","All Motor Vehicles Fuel Economy","Miles per Gallon"
"MVFRRUS","196513","12.5","12","All Motor Vehicles Fuel Economy","Miles per Gallon"
"MVFRRUS","196613","12.4","12","All Motor Vehicles Fuel Economy","Miles per Gallon"
"MVFRRUS","196713","12.4","12","All Motor Vehicles Fuel Economy","Miles per Gallon"
"MVFRRUS","196813","12.2","12","All Motor Vehicles Fuel Economy","Miles per Gallon"
"MVFRRUS","196913","12","12","All Motor Vehicles Fuel Economy","Miles per Gallon"
"MVFRRUS","197013","12","12","All Motor Vehicles Fuel Economy","Miles per Gallon"
"MVFRRUS","197113","12.1","12","All Motor Vehicles Fuel Economy","Miles per Gallon"
"MVFRRUS","197213","12","12","All Motor Vehicles Fuel Economy","Miles per Gallon"
"MVFRRUS","197313","11.9","12","All Motor Vehicles Fuel Economy","Miles per Gallon"
"MVFRRUS","197413","12","12","All Motor Vehicles Fuel Economy","Miles per Gallon"
"MVFRRUS","197513","12.2","12","All Motor Vehicles Fuel Economy","Miles per Gallon"
"MVFRRUS","197613","12.1","12","All Motor Vehicles Fuel Economy","Miles per Gallon"
"MVFRRUS","197713","12.3","12","All Motor Vehicles Fuel Economy","Miles per Gallon"
"MVFRRUS","197813","12.4","12","All Motor Vehicles Fuel Economy","Miles per Gallon"
"MVFRRUS","197913","12.5","12","All Motor Vehicles Fuel Economy","Miles per Gallon"
"MVFRRUS","198013","13.3","12","All Motor Vehicles Fuel Economy","Miles per Gallon"
"MVFRRUS","198113","13.6","12","All Motor Vehicles Fuel Economy","Miles per Gallon"
"MVFRRUS","198213","14.1","12","All Motor Vehicles Fuel Economy","Miles per Gallon"
"MVFRRUS","198313","14.2","12","All Motor Vehicles Fuel Economy","Miles per Gallon"
"MVFRRUS","198413","14.5","12","All Motor Vehicles Fuel Economy","Miles per Gallon"
"MVFRRUS","198513","14.6","12","All Motor Vehicles Fuel Economy","Miles per Gallon"
"MVFRRUS","198613","14.7","12","All Motor Vehicles Fuel Economy","Miles per Gallon"
"MVFRRUS","198713","15.1","12","All Motor Vehicles Fuel Economy","Miles per Gallon"
"MVFRRUS","198813","15.6","12","All Motor Vehicles Fuel Economy","Miles per Gallon"
"MVFRRUS","198913","15.9","12","All Motor Vehicles Fuel Economy","Miles per Gallon"
"MVFRRUS","199013","16.4","12","All Motor Vehicles Fuel Economy","Miles per Gallon"
"MVFRRUS","199113","16.9","12","All Motor Vehicles Fuel Economy","Miles per Gallon"
"MVFRRUS","199213","16.9","12","All Motor Vehicles Fuel Economy","Miles per Gallon"
"MVFRRUS","199313","16.7","12","All Motor Vehicles Fuel Economy","Miles per Gallon"
"MVFRRUS","199413","16.7","12","All Motor Vehicles Fuel Economy","Miles per Gallon"
"MVFRRUS","199513","16.8","12","All Motor Vehicles Fuel Economy","Miles per Gallon"
"MVFRRUS","199613","16.9","12","All Motor Vehicles Fuel Economy","Miles per Gallon"
"MVFRRUS","199713","17","12","All Motor Vehicles Fuel Economy","Miles per Gallon"
"MVFRRUS","199813","16.9","12","All Motor Vehicles Fuel Economy","Miles per Gallon"
"MVFRRUS","199913","16.7","12","All Motor Vehicles Fuel Economy","Miles per Gallon"
"MVFRRUS","200013","16.9","12","All Motor Vehicles Fuel Economy","Miles per Gallon"
"MVFRRUS","200113","17.1","12","All Motor Vehicles Fuel Economy","Miles per Gallon"
"MVFRRUS","200213","16.9","12","All Motor Vehicles Fuel Economy","Miles per Gallon"
"MVFRRUS","200313","17","12","All Motor Vehicles Fuel Economy","Miles per Gallon"
"MVFRRUS","200413","17.1","12","All Motor Vehicles Fuel Economy","Miles per Gallon"
"MVFRRUS","200513","17.1","12","All Motor Vehicles Fuel Economy","Miles per Gallon"
"MVFRRUS","200613","17.2","12","All Motor Vehicles Fuel Economy","Miles per Gallon"
"MVFRRUS","200713","17.2","12","All Motor Vehicles Fuel Economy","Miles per Gallon"
"MVFRRUS","200813","17.4","12","All Motor Vehicles Fuel Economy","Miles per Gallon"
"MVFRRUS","200913","17.6","12","All Motor Vehicles Fuel Economy","Miles per Gallon"
"MVFRRUS","201013","17.4","12","All Motor Vehicles Fuel Economy","Miles per Gallon"
"MVFRRUS","201113","17.5","12","All Motor Vehicles Fuel Economy","Miles per Gallon"
"MVFRRUS","201213","17.6","12","All Motor Vehicles Fuel Economy","Miles per Gallon"
"MVFRRUS","201313","17.6","12","All Motor Vehicles Fuel Economy","Miles per Gallon"
"MVFRRUS","201413","17.5","12","All Motor Vehicles Fuel Economy","Miles per Gallon"
"MVFRRUS","201513","17.9","12","All Motor Vehicles Fuel Economy","Miles per Gallon"
"MVFRRUS","201613","17.9","12","All Motor Vehicles Fuel Economy","Miles per Gallon"
"MVFRRUS","201713","18.1","12","All Motor Vehicles Fuel Economy","Miles per Gallon"
"MVFRRUS","201813","18.2","12","All Motor Vehicles Fuel Economy","Miles per Gallon"
"MVFRRUS","201913","18.1","12","All Motor Vehicles Fuel Economy","Miles per Gallon"
"MVFRRUS","202013","18.2","12","All Motor Vehicles Fuel Economy","Miles per Gallon"
